No. ,Tool Name,Developed in,Methodology,Provider,Provides solutions to,Shares data with third parties,Shares data with third parties,Paid or free,"Respect, protection, and promotion of human rights and fundamental freedoms and human dignity"," Right to Privacy, and Data Protection  (the age verification tools must protect the personal data
in any operations or set of operations performed on it) ",Accuracy,"Data Minimization (The tools should collect only the minimum data necessary for age verification, avoiding excessive or disproportionate information requests.)","Transparency and explainability (The tool shall be explainable by design, disclosing how it works, which data it collects, and uses, and how decisions are made, to ensure transparency and informed consent.)",Fairness and non-discrimination,Responsibility and accountability,Safety and security,"Normative Compliance (The tool must align with the legal frameworks (e.g., GDPR, COPPA, DSA, AI Act (in the European Union), UK Data Protection Act (in the UK), etc).)",Privacy and Data Protection,Accuracy,Consent granting and withdrawing,Data Minimization,Transparency and explainability,Fairness and non-discrimination,Responsibility and accountability,Safety and security,Accessibility and Social Inclusion ,Normative Compliance,Data Extracted On,,,,,,,
1,AgeChecked,2018,"ID, credit card, phone number, visuals, email check","AgeChecked Ltd, UK-based, regulated technology company","adult content, E commerce, Gambling, Phramaceutical, charity",,We do not share your Personal Information with these third parties,Paid,"No personal data is kept on our system.  As soon as the age or identity of the customer is confirmed, we wipe the information.",We take your privacy extremely seriously. Throughout the entire process – our system anonymises them – we don’t keep any personal data on our system,,"information that we may collect on you, and use to ascertain your suitability to access the age-restricted service could be: Your name, Your date of birth or age, Your telephone number, Your address, Your email address, Your IP address,Your payment card information, Information derived from Government issued documentation","explains how data is used, saves only created data based on verified age",no,"doesnt talk about it as they say we dont share data, but they keep anonymised data",ISO 27001 and PAS 1296,"Supports compliance with the UK Online Safety Act 2023, UK government-approved",yes,no,no,no,yes,no,no,yes,yes,yes,1-3 sept,,,,,,,
2,AgeID,,"valid government-issued ID, selfies",MindGeek,adult content webstes,NOT FOUND as the company changed its name and now uses Yoti,,,,,,,,,,,,,,,,,,,,,,1-3 sept,,,,,,,
3,AgeVerif,,"AI powered biometric analysis, email check, credit card, thrird party application, selfies",AgeVerif,,,no verification data you submit is transferred to customers,both,does not use visitor data for commercial purposes,"saves IP address, device type, OS, browser/plugins, ISP, country of origin, and visited pages with strong encryption",,"2.1 Information we collect :
• Your IP address
• The type of device used
• Your operating system
• Your Internet browser and all plugins
• The name of your Internet service provider or mobile operator
• The country of origin of your connection
• The pages of the AgeVerif.com website that you consult",,no,PlanetSeason Lda is the company responsible for your personal data on the AgeVerif.com website.,Data security with bank-level 256-bit SSL encryption ,"Regulation (EU) 2016/679 (""GDPR"") and Portuguese data protection legislation",partially (saves soem data),no,no,no,yes,no,yes,yes,yes,yes,1-3 sept,,,,,,,
4,AgeVerify,2013,self certification,"Imbibe Digital, LLC",works for specific websites,,"Yes, anonymized for free tier",both,Collects anonymized data on free tier.  Data collected from our Basic (free) tier of service will be used for targeted marketing.,"do not share or sell data *GDPR compliance), Any data collected will be stored indefinitely.",,,NOT FOUND,no,NOT FOUND,NOT FOUND,none,partially (free tier data is sued for marketing and data is stored),no,no,website not working,yes,no,no,no,yes,no,1-3 sept,,,,,,,
5,Ageify,2019,"Facial Analysis, passport, ID, driving liscence, credit card",Circa 2019,"eshops selling alcohol and tobacco, gambling and dating online services, adult movies and video games, ",,"We may disclose your information where we are legally required to do so in order to comply with applicable law, governmental requests, a judicial proceeding, court order, or legal process,",paid,"After their age is proven, a random identifier is created and every age verification transaction online or in-store is only associated with that number","IP address, browser/device details, operating system, language preferences, location data, etc., for analytics and securit",Our AI-powered facial analysis solution can effectively and precisely verify the age of more than 95% of your customers in only a few seconds,Some information – such as IP address and/or browser and device characteristics – is collected automatically when you visit our website,NOT FOUND,no,"Although we will do our best to protect your personal information, transmission of personal information to our website is at your own risk. You should only access the services within a secure environment",NOT FOUND,"complaince based on where it is used, GDPR, CCPA",,yes,yes,no,yes,no,no,no,yes,yes,1-3 sept,,,,,,,
6,AU10TIX,,government-issued IDs, ICTS International,,,"However, we do collaborate and engage with third party service providers and partners for various purposes, such as analytics, marketing automation, and enhancing user experience. For these purposes, we allow them to collect personal information on our website and services. You can opt out in some cases",paid,We will only use personal data related to you when permitted by law,"GDPR compliance and encryption. collected as needed for operations, recruitment; retained per legal basis and contract terms; deletion upon request or termination","99% pass rate, 80% higher completion rate via UI","When you use this Website, we may collect the following types of personal data related to you:",NOT FOUND,no,NOT FOUND,"Unfortunately, we cannot guarantee against the loss or misuse of personal data related to you or secure data transmission over the Internet because of its nature.","COPPA, GDPR",partial (shares data with third parties),yes,partial,no,yes,no,no,no,no,yes,1-3 sept,,,,,,,
7,BlueCheck,,"through phone number, name & address, National ID Numbers, facial analysis, ID verification, watchlist & sanction test",,multiple enterprises,,"BlueCheck does not share or disclose any Biometric Data as part of its automated verification technology and process. We may disclose personal information that we collect, or you provide as described in this privacy policy:

To fulfill the purpose for which you provide it.
To contractors, service providers and other third parties we use to support our business.
To a buyer or other successor in the event of a merger, divestiture, restructuring,
reorganization, dissolution or other sale or transfer of some or all BlueCheck Inc.’s assets, whether as a going concern or as part of bankruptcy, liquidation or similar proceeding, in which personal information held by BlueCheck, Inc., about our Website users is among the assets transferred.
For any other purpose disclosed by us when you provide the information.
With your consent.",Paid,"BlueCheck may use the information you provide, including your photos, to train, validate, and test its automated biometrically-derived verification technology to improve BlueCheck’s services.","BlueCheck may keep copies of the photos you provide. BlueCheck stores, transmits and protects from disclosure all biometric data using reasonable care, and in compliance with industry standards applicable to such data",,"As you navigate through and interact with our Website, we may use automatic data collection technologies to collect certain information about your equipment, browsing actions and patterns, including:

Details of your visits to our Website, including traffic data, location data, logs and other communication data and the resources that you access and use on the Website.
Information about your computer and Internet connection, including your IP address, operating system and browser type.",,no,NOT FOUND,NOT FOUND,NOT FOUND,partial,no,partial,no,yes,no,no,no,yes,no,,,,,,,,
8,Entrust (acquires Onfido's Technology),2024,check documents and photos with AI-powered age verification technology.,Entrust Corporation,"social media, video-game retailers, alcohol/tobacco sellers, gambling/iGaming platforms, healthcare, finance, and government services.",,We may share your personal data with third parties who provide services to us. ,paid,We may share and disclose your personal data in certain circumstance,"identifiers, such as your name, phone number, email address, and mailing address; professional information, such as your job function, title and place of employment; your financial account or debit or credit card information; and any other information you choose to submit to us while creating account. We use reasonable administrative, technical, and physical security measures to protect your personal data from loss, misuse, unauthorized access, disclosure, alteration, and destruction","is built to reduce bias and verify 95% of customer biometrics in seconds, delivering fast, fair, and accurate AI identity verification for your business.","Identity Data includes your first name, last name.",NOT FOUND,no,"Unfortunately, the transmission of information via the internet is not completely secure. Although we will do our best to protect your personal data, we cannot guarantee the security of your data transmitted to our Websites or stored in our databases. Your transmissions are, therefore, at your own risk.","compliance with ISO 9001:2015, ISO14001:2015, ISO 27001:2013, and ISO 27701:2019","California Consumer Privacy Act, COPPA",partial (shared data with third parties),yes,partial,no,yes,no,no,yes,yes,yes,1-3 sept,,,,,,,
9,FaceTec,2013,"3D FaceMap data, ID cards",Facetec,NOT FOUND,,NOT FOUND,trial and paid,NOT FOUND,NOT FOUND,,"Contact Data includes your email address, and telephone number.",NOT FOUND,,,NOT FOUND,NOT FOUND,no,,,,,NOT FOUND,,,,no,1-3 sept,,,,,,,
10,GBG,,"ID scan, biometric",GB Group plc,,,"We may take part in or be involved with a corporate business transaction, such as a merger, acquisition, joint venture, or financing or sale of company assets. We may disclose personal data to a third party in connection with such corporate business transaction.",paid,"with business customers, data suppliers; only with due diligence and lawful basis","saves data, and records identifiers eg name IP addess etc",,Business Data includes your company name and job title.,,no,NOT FOUND,,CCPA,partial (shared data with third parties),no,no,no,yes,,no,no,yes,yes,1-3 sept,,,,,,,
11,HyperVerge,,"ID check, selfie, liveness detection",,"alcohol and tobbaco, gaming, gambling, car sharing, marketplaces, cannis",,"We disclose Personal Information shared by you to Hubspot for recording and managing details you have provided for HyperVerge’s use. We require Hubspot to respect your privacy and keep your Personal Information safe, confidential and to only be used for the specific purpose it was disclosed and in accordance with Our instructions.",Paid,"Such records may include name, IP address, timestamps, and details of the request or consent given. These records are retained for compliance purposes and cannot be deleted, even upon Your withdrawal of consent or request for data deletion, except as required by law.","In addition to the Biometric Data, HyperVerge will Process other personal data, including sensitive personal data, e.g., IP address, Geolocation coordinates, name, address, date of birth, document number, etc. for the purposes listed above, which will be processed in accordance with HyperVerge Privacy Policy- Processor for Permitted Business Purpose.",95% Auto approval rate,Country Data includes your country of residence.,,yes,NOT FOUND,"SOC 2, ISO 27001:2013","DPR, ISO, AICPA, SOC2, FATF, EU MLD",partial (shared data with third parties),yes,no,no,yes,"We do not collect any information about Your race or ethnicity, religious or philosophical beliefs, sex life, sexual orientation, political opinions, trade union membership, information about Your health, genetic, or any information about criminal convictions and offences.",no,yes,yes,yes,1-3 sept,,,,,,,
12,ID.me,,"database check, ID check, finger print",,"multiple companies including Linkedin, Ford, Apple, and USAA",,"We may share information with third parties who perform services on our behalf. We may share your information with unaffiliated companies or individuals we hire or work with that provide us with professional advice, business support, or perform services on our behalf",Paid,"The information we automatically collect may also include geolocation information, such as information that identifies the approximate location of your device and your IP address, which may be used to estimate your approximate location.","ID.me will not sell, rent, or trade your Personal Information. ID.me will only transfer your Personal Information at your request, and with your consent, for use by third parties to verify your identity or community eligibility, or as required for the prevention of fraud or otherwise permitted by law.",,"Candidate Data (relevant to career applicants) includes curriculum vitae (CV) and the data contained therein, as well as other data you share with us or that is made publicly available or available to us on social networks.",,no,"To the extent that you shared your ID.me Rx Card details with a pharmacy or third-party and they were integrated into your profile and/or account with that third-party, you are responsible for updating and removing any ID.me Rx Card information. Through your use of ID.me Rx you consent to ID.me collecting your health information and you understand that ID.me Rx is not subject to the Health Insurance Portability and Accountability Act (HIPAA) when it collects and processes this information.","AICPA SOC 2, ISO 27001, FedRAMP, and multiple NIST 800 guidelines","GDPR, EU-U.S. Data Privacy Framework",partial (shared data with third parties),no,partial,no,yes,no,no,yes,no,yes,1-3 sept,,,,,,,
13,IDEMIA,more of a identity validation,"ID card, passport, license, passport and selfie, database check",,,,IDEMIA may share your personal data with other affiliates of the IDEMIA Group in order to carry out the activities specified in this Policy,paid,We may share Personal data within IDEMIA and also with third parties in the legitimate interest of our customers and partners.,"Some of the personal data stored on our Server are those that you voluntarily provide us when you complete online forms: e.g., First Name, Email address, Phone number",,"Technical Data includes information on your internet connection (such as your IP address and internet service provider name), on the device and software that you are using to access the Website (e.g., your web browser type and computer operating system).",,no,"We also rely on third-party suppliers and partners with which we may share your Personal data for the purposes indicated above, Whenever we rely on such third parties, we make sure that they provide an adequate level of protection of the Personal data they process on our behalf. When such third parties are located outside of the European Union, we apply the European Union Model Clauses (SCC) as adopted by the European Commission into our agreements.",IDEMIA ensures that your personal data is processed in complete security and confidentiality. SO/IEC 30107-3 standards,GDPR,partial (saves some data),no,partial,no,yes,no,yes,yes,yes,yes,1-3 sept,,,,,,,
14,iDenfy,,"Ids, selfies, liveness dete",,"igaming, online dating, age restricted purchases",,"iDenfy may engage sub-processors, but imposes the same GDPR-aligned obligations on them as it requires of itself.",Paid,"iDenfy stores data until retention only in the Amazon AWS Europe (Dublin, Ireland).","iDenfy collects and stores personal data, but the specifics depend on the plan and contractual term. retention varies: 30-day auto-deletion for freemium; up to 8 years for paid tiers.",,"names, ip address etc are saved",,no,NOT FOUND,"AICPA SOC 2, ISO 27001, ISO 30107","GDPR, eIDAS",partial (saves some data),no,partial,no,yes,no,no,yes,yes,yes,1-3 sept,,,,,,,
15,Identomat,,AI-powered biometric analysis,Dedicated resource coming soon,,,,,,,,,,,, ISO27001 ,GDPR,,,,,,,,yes,yes,yes,1-3 sept,,,,,,,
16,IDMerit,,"I-powered scanning of government-issued IDs like passports and driver's licenses, biometric facial recognition for liveness checks, cross-referencing data against global databases",,"age restricted commerce, gambling, gaming",,"We may share your data with our trusted business partners for joint marketing initiatives, collaborations or co-branded services",,"We may retain the personal data we collect or supply where we have an ongoing legitimate business need to do so. Once there is no valid business necessity or legal requirement for retaining your personal data, we will either delete or anonymize it",Stores data primarily as a data processor on behalf of clients. Retains some data for identity verification and may store certain information for marketing initiatives if consented,,"When you interact with advertisements, websites or applications that are affiliated with our services, we may collect certain personal data about you.",,no,"Our partners, as well as ourselves, adhere to this Privacy Policy and comply with relevant data protection laws",ISO 27001 and SOC2,"GDPR, CCPA",partial,no,partial,no,yes,We use this data for internal reporting and to help us ensure that our recruitment practices are fair and inclusive. ,yes,yes,yes,yes,1-3 sept,,,,,,,
17,IDnow,,"passport, ID cards, selfies",,,,"Users are responsible for any third-party Personal Data obtained, published or shared through this Application and confirm that they have the third party’s consent to provide the Data to the Owner.",paid,The Data is processed at the Owner’s operating offices and in any other places where the parties involved in the processing are located.,"Personal Data shall be processed and stored for as long as required by the purpose they have been collected for. Once the retention period expires, Personal Data shall be deleted. ",,"Among the types of Personal Data that this Application may process by itself or through third parties, there are: first name; last name; phone number; email address; Tracker; Usage Data; Data communicated while using the service.",,no,"Users are responsible for any third-party Personal Data obtained, published or shared through this Application and confirm that they have the third party’s consent to provide the Data to the Owner.",ISO 27005,"eIDAS, GDPR,",partial,no,no,no,yes,no,no,yes,yes,yes,1-3 sept,,,,,,,
18,IDScan.net,,government-issued ID or passport authentication,California Online Privacy Protection Act.,,,"IDScan.net does not sell, rent, or otherwise provide your Personally-Identifiable Information to third parties for marketing purposes",Paid,,"When we collect your Personally-Identifiable Information through our Service, we encrypt this information and attempt to prevent unauthorized access to it by using industry standard technologies, such as encryption software, routers and firewalls.",,"We automatically receive information from your web browser or mobile device. This information includes the name of the Service from which you entered our Service, if any, as well as the name of the Service to which you’re headed when you leave our Service.",,no,"If IDScan.net is acquired or merges, in whole or in part, with another business that would become responsible for providing the Service to you, we retain the right to transfer your Personally-Identifiable Information to the new business. The new business would retain the right to use your Personally-Identifiable Information according to the terms of this Privacy Policy as well as to any changes to this Privacy Policy as instituted by the new business.  ","ISO 27001, AAMVA, AICPA SOC",,partial (saves data in encrypted form),no,no,no,yes,no,no,yes,no,no,,,,,,,,
19,Jumio,,"identity document verification, biometrics (selfie) and AI-powered tools ",,"gambling, sports, online dating, cannabis, e-vaping, alcohol",,We may disclose information to law enforcement in the case of an emergency. Jumio does not “sell” or “share” (when defined by applicable law to mean the use of your personal information for cross contextual behavioral advertising) your personal information.,paid,"collects, IP address, location, browser information etc. Uses data to anonymize the personal information and generate statistical or aggregated reports.","Jumio may collect, process, re-collect, otherwise obtain, and store such data for the purpose of providing and improving its Services, and for the long-term proof of inspection of your provided form of identification. Jumio will permanently destroy such biometric data derived from images and recordings in its possession within three years ",,,,no,NoT found,"SO/IEC 27001:2022, PCI DSS and SOC2 Type 2 certifications","COPPA, GDPR, CCPA, CPRA, EEA",partial (saves data),no,no,no,yes,no,no,yes,yes,yes,9th sept,,,,,,,
20,Konfirmi,,ID document validation and biometric data,,"adult content providers, such as online gambling and gaming operators",,,,maintain records/logs,,,,,,,,"GDPR, CCPA",,,,,,,,,,yes,11th sept,,,,,,,
21,LexisNexis,2003,"LexisNexis compares consumer information to more than 20 billion records of data with information on U.S. residents from 500 sources, including government-issued IDs.",LexisNexis Risk Solutions,,,"We share your personal information with our affiliates and with sponsors, joint venture partners and other third parties, including entities for which we are acting as an agent, licensee, application host or publisher, that wish to send you information about their products and services that may be of interest to you, as determined by your choices in managing your communications preferences and other settings",paid,"We use a variety of administrative, physical and technical security measures to help safeguard your personal information.",Your personal information may be stored and processed in your region or another country where LexisNexis Risk Solutions affiliates and our service providers maintain servers and facilities,,"he Service may automatically collect information about how you and your device interact with the Service, including:

Computer, device and connection information, such as IP address, browser type and version, operating system and other software installed on your device, mobile platform and unique device identifier and other technical identifiers, error reports and performance data;
Usage data, such as the features you used, the settings you selected, your URL click stream data, including date and time stamp and referring and exit pages, and pages you visited on the Service; and/or
For location-aware Services, the region, city or town where your device is located in order to provide you with more relevant content for where you are in the world.",Not found,no,Not found,ISO 37301,NOT FOUND,saves and stores data and shares with third parties,no,no,no,yes,no,no,yes,yes,no,11th sept,,,,,,,
22,Mitek,,"ID Verification,",,"Online gaming, Tobacco/eCigarettes, Pharmaceuticals, Alcohol, Video games",,"name, address, and phone number. We may share this information with select marketing or other service providers and partners.",paid,,"Personal information received from our clients or others in connection with Client Services is typically stored on our servers, on our vendor’s servers, on servers hosted by our clients, or their vendors",,"IP adress, date, time and otehr eralted info",,no,"Mitek has certified that it adheres to the Data Privacy Framework Principles of Notice, Choice, Accountability for Onward Transfer, Security, Data Integrity and Purpose Limitation, Access, and Recourse, Enforcement and Liability.",SOC 2 compliance and ISO 27001,,saves and stores data and shares with third parties,no,"partial: we request your consent to use cookies that are not essential for the service you require, such as analytics cookies and performance cookies.",no,yes,no,no,yes,no,no,9th sept,,,,,,,
23,Ondato,,"biometric, liveness check, Government IDs","even the strictest legal and regulatory requirements worldwide, we were able to create a reusable age verification solution. Creates Pin","ecommerce, users on board, self checkout, ",,Personal data shall be processed for the purposes of newsletters and direct marketing until you have withdrawn your consent.,Paid,Personal data shall be processed for no longer than is necessary for the purposes of the processing.,"By not storing any personal data, Ondato complies with different legal and regulatory requirements",,NOt found,,no,We have made sure that all service providers to whom we transfer your Personal Data follow our instructions on how they should process your Personal Data.,"Trusted KYC and AML provider in the EU (ETSI, eIDAS compliance). International standard (ISO/IEC 27001:2013)","NIST, KJM, CAADCA, DSA, GDPR, COPPA, PIPEDA",partial (saves identifiers not raw data),no,no,no,yes,no,yes,yes,yes,yes,9th sept,,,,,,,
24,Onfido,2012,government-issued ID and their facial biometrics.,scrive.,"financing, telecom, real state",,"(is now acquired by Entrust) SO, Entrust's policies apply here.",,,,,,,,,,,  ,,,,,,,,,,9th sept,,,,,,,
25,Passbase (acquired by Parallel Markets now),,"liveness detection, face matching, government ID.",,,,,Paid,"Part of iCapital's identity verification now. Their system can verify someone's age, but it seems more geared toward financial / investor onboarding (compliance, KYC, AML), not “age gating” for general services (like verifying age for e-commerce, content, or alcohol/tobacco).",,,,,,,,,,,,,,,,,,,,,,,,,,
26,Persona,2018,"selfie, ID cards, drivers liscence",,"social media, gaming, entertainment, retail, e commerce, online dating",,"Persona does not sell, lease, or otherwise benefit from biometric data, and will only share it to perform verification services, as required by law, or with your express consent.",paid,saves upload images in encrypted form,"collects data in directed and indirect form, e.g., IP address, etc. saves data in encrypted format",,"collects geolocation, identifiers, device info, usage data",,no,We remain liable unless we prove we are not responsible for the event giving rise to any damages,"SOC 2 Type II certified, AES-256 encryption for data at rest, TLS 1.2+ for data in transit, strict access control, regular audits, and vulnerability testing","EU GDPR, CCPA",partial (saves in encrypt form),no,no,no,yes,no,yes,yes,yes,yes,1-3 sept,,,,,,,
27,Regula,1992,"biometric, document based",,"banking, crypto, healthcare, telecom, insurance, gambling, education, governmnet etc",,"We may share your Personal Data with third parties who provide various services to us, such as email services, CRM services, hosting, website development, support, and other similar services. Personal Data provided to such third parties are strictly limited, and we take all reasonable measures to protect your Personal Data and ensure its confidentiality.",Paid,"Once the retention period expires, or when your data are no longer needed, we will securely delete or anonymize it to ensure your privacy.","various types depending on interaction (forms, website, demos, video surveillance)",,collects data using cookies,,yes,"Please note that if you provide us with additional data that we do not usually collect (such as your biometric data), we commit to handling this information responsibly and transparently. ","ISO 27001:2022, ISO 9001:2015, ISO 14001:2015",CCPA,partial (shares data with third parties),no,no,no,yes,You shall not be discriminated against for exercising your rights under the CCPA.,yes,yes,yes,yes,1-3 sept,,,,,,,
28,Socure,,"selfie with liveness, government ID scan, barcodes on government ID, parental control",,multiple known companies use it,,Third-Party Service Providers may receive your personal information for the purpose of:  (a) completing and supporting a DocV transaction on our behalf; and/or (b) storing information in the cloud.,paid,,"collects and stores a range of personal data including identifiers eg name etc, selfies, biometric. This information is stored and transferred to the United States. They retain your data in accordance with legal requirements and their contractual obligations with customers","95% coverage for gen z users, 0.92 sec response time, 98.3% conclusive docV results",Data Vendors may provide this information to Socure.,,no,"Socure remains responsible and liable under the Data Privacy Framework Principles if third-party agents that it engages to process personal data on its behalf do so in a manner inconsistent with the Principles, unless Socure proves that it is not responsible for the event giving rise to the damage.",ISO 27001 and SOC 2 Type 2 certifications.,"CCPA, GDPR, VCDPA, KYC ",partial (shares data with third parties),yes,no,no,yes,no,yes,yes,yes,yes,1-3 sept,,,,,,,
29,Sumsub,2022,"government ID, selfie, liveness detection, ",,"gambling, social media, adult account sites, gaming, dating apps, financial apps, shopping",,"nly with authorized parties under safeguards; includes internal entities, subprocessors, legal disclosures; cross-border transfers with SCCs.",paid,"GDPR compliance. Per their Consent to Personal Data Processing, personal data—biometric or otherwise—can be retained up to 1 year after purpose is fulfilled, or up to 5 years in other cases,","Once Personal data is no longer necessary for the relevant purpose, acting on Client’s written instructions, Sumsub transfers the data to Clients and then erases it from its servers without leaving any backup copie",99.8% AI age estimation accuracy,"Information regarding the date, time, and activity in the Services; IP address and domain name; software and hardware attributes (e.g., camera name and type); general geographic location (e.g., city, country) from User’s device.",,no,"Where third-party companies are engaged to process Personal data on behalf of Sumsub, responsibility for the security and appropriate use of the data remains with Sumsub.","SOC 2 Type 2, PCI DSS, and multiple ISO certifications","GDPR, COPPA",yes,no,no,no,yes,no,yes,yes,yes,yes,1-3 sept,,,,,,,
30,Token of Trust,,"government IDs, biometric",,"e commerce, e learninf",," We may disclose to parties outside Token of Trust files stored on Token of Trust’s servers and information about you that we collect when we have a good faith belief that disclosure is reasonably necessary to (a) comply with a law, regulation or compulsory legal request;",Paid,Token Of Trust will NEVER sell your data.,"Unless specified otherwise in this document, Personal Data shall be processed and stored for as long as required by the purpose they have been collected for and may be retained for longer due to applicable legal obligation or based on the Users’ consent.",,"We also collect information through our Internet log files, which record data such as user IP addresses, browser types, domain names, and other anonymous statistical data. This information may be used for customer support and to gather general demographic information. We may link this information to personally identifiable information for these and other purposes.",,no,not found,256-bit SSL encryption ,"GDPR, PIPEDA, and global privacy laws",partial (saves data),no,no,no,yes,no,no,yes,yes,yes,,,,,,,,
31,Trulioo,2011,"document based, biometric",,"gaming, alcohol, entertainment, online marketing, ",,"Yes, but only with vendors, legal authorities, or per client instructions under strict obligations",paid,,as processor or controller; biometric data stored encrypted,,"Our customers may also provide us with other information including date of birth, physical address, national ID number, device information (such as IP address) and browser information of the customer’s users.",,no,Not found,"ISO 27001-certified, SOC 2 Type II","EU and UK GDPR, CCPA",partial (save sdata encrypted and saves with third parties),no,no,no,yes,no,no,yes,yes,yes,1-3 sept,,,,,,,
32,Trustmatic,2021,"selfies, liveness anti-spoofing, ",Trustmatic s.r.o,multiple companies,,"They do not share personal data without explicit consent, except when necessary for service delivery or legally required.",paid,"We implement industry-standard security measures to protect your data from unauthorized access, disclosure, alteration, and destruction, and store it securely on our servers in encrypted format.","Personal data, including biometric data, is permanently deleted within 30 days after processing.",Our face analysis technology uses deep learning algorithms to accurately estimate an individual's age by analyzing their facial features. 90% accuracy,collects IP adress etc,NOT FOUND,no,Not found,"ISO/IEC 27001 certification, iBeta-accredited biometric detection.","GDPR, CCA",yes,yes,yes,no,yes,no,no,yes,yes,yes,1-3 sept,,,,,,,
33,Veratad,2003,"Biometric, digital ID","Veratad Technologies, LLC?","online gaming, retail, eCommerce, and age-restricted content, supporting industries like tobacco, vape, cannabis, and online casinos",,"At Veratad, we never sell our users’ personal data to third parties in the traditional sense.",paid,"If you wish to opt out of the use of your personal information for interest-based advertising purposes and these potential sales as defined under CCPA law. Veratad may share data with service providers, data partners, or processors, but only under strict confidentiality agreements and as directed by clients.","Yes, as a processor—data is stored only upon client instruction, not for marketing purposes.",,collects browisng information,,no,"n cases of onward transfer to third parties of data of EU or Swiss individuals received pursuant to the EU-US and Swiss-US Data Privacy Framework, and the UK Extension to the EU-US DPF, Veratad is potentially liable unless we can prove we were not a party giving rise to the damages",ISO certifications and ACCS validation,"KYC, FFEIC BSA/AML, OFAC, PEPS, CCPA, GDPR",partial (saves data),no,no,no,yes,no,yes,yes,yes,yes,1-3 sept,,,,,,,
34,Veriff,2015,"facial biometric analysis, liveness detection, device and network verification, Digital ID",Veriff,"multiple known parties including aws, visa etc",,Only as directed by Customers or required by law,paid,,Retained up to 90 days active + 3 years archive; collects device data.,95 % verified on the first try,collects browisng information,we process Personal Data in a transparent and fair way. W,no,"n the event that we need to carry out an international data transfer, as defined by the applicable data protection laws ..... r the compliance with applicable data transfer accountability requirements","SO/IEC?27001:2022, ISO/IEC?27017:2015, ISO/IEC?27018:2019, SOC?2 Type II, Cyber Essentials","CCPA, GDPR EU, WCAG, US data protection laws","partial/full, saves data only until retention period",no,no,no,yes,no,yes,yes,yes,yes,1-3 sept,,,,,,,
35,VerifyMyAge,2019,"passport or another form of ID, email check, mobile number, facial estimation, credit card",VERIFYMY LIMITED,"online platforms, merchants, and digital service providers, e-commerce, gaming, adult content platforms, financial services",,We contract with third parties to supply certain services related to our Service. This may include sharing any personal data you have given us or data that we have obtained from a third party source to improve the accuracy of our Service.,paid,"When any of your personal data is shared with a third party, as described above, we will take steps to ensure that your personal data is handled safely, securely, and in accordance with your rights, our obligations, and the third party’s obligations under the law.",We will not keep your personal data for any longer than is necessary in light of the reason(s) for which it was first collected. Deleted in 28 days,,"IP adress, email, ",,no," When any of your personal data is shared with a third party, as described above, we will take steps to ensure that your personal data is handled safely, securely, and in accordance with your rights, our obligations, and the third party’s obligations under the law.",All personal data is stored by us within the EEA until deleted.,"UK GDPR, EU GDPR, Data Protection Act 2018, child online safety regulations.","partial/full, saves data only until retention period",no,no,no,yes,no,yes,yes,yes,yes,1-3 sept,,,,,,,
36,Yoti,2014,"selfie, mobile number or Digital ID, credit cards",Yoti Ltd,"multiple parties, meta, onlyfans",,"They may pass information to fraud prevention agencies, law enforcement, or third-party document issuers if fraud is suspected, or if legally obligated",Paid,Retains data briefly,Data is stored using AES-256-GCM encryption within our production environments,"As of September 2024, the True Positive Rate (proportion of cases correctly classified) for 13 to 17 year olds being correctly estimated as under 21 is 99.3%.","The second identifier is your IP address which is like an address for your phone from your mobile network provider, and which may change if you take your phone to a different location. We don’t collect more information than we need. For example, we collect a country location from the device, so we do not need to collect your IP address or other detailed location data to get this information. ",explains everything clearly on website,no,"oti is responsible for safely encrypting your details, verifying your identity during account creation and developing the app. ",ISO 27001 and SOC2 Type II,"ICO Children's Code, Ocom, UK online safety Act, UE digital service act, GDPR / UK Data Protection Act 2018",partial (saves data),no,no,no,yes,no,yes,yes,yes,yes,1-3 sept,,,,,,,
37,OneID,,"mobile operator data, bank-based details",,"e commerce, retail",,"We may also share your information with others, ther third-party suppliers, business partners and sub-contractors for business administration, support, IT purposes and hosting services;  only the data that the user has consented to share with the business or third party needing the verification.",paid,"We will not use your personal information to provide you with marketing and promotional materials, and we will never sell and/or share your personal information with third parties for marketing purposes.","stores a tokeinised recod, not raw data",,We may also obtain your personal data from other trusted data sources such as credit reference agencies (acting as “Attribute Service Providers”) as a standalone source of data or where your Identity Service Provider does not hold or provide us with all the relevant information.,,no,NOT found,"PAS 1296:2018, Digital Identity & Attributes Trust Framework (DIATF), FCA regulation, ISO27001 Compliance ","Online Safety Act OSA), data protection act 2018, Uk GDPR, ",partial (shares data with third parties),no,partial,no,yes,no,no,yes,yes,yes,19-Sep,,,,,,,
38,Verime,,mobile operator data,,"adult content, gambling, online retail, financial service",,"   VeriMe Limited will not pass on your personal data to any other third parties. We do not pass the personal data you provide to us, back to the merchant whose website referred you to us. ",Paid,We do not sell or share user data with third parties., we will store the personal data in an encrypted format for a period of five years in order to provide customer service,,"we may also receive information automatically which relates to your computer, mobile device and internet connection, whether you decide to use our services or not. This includes your internet protocol address (“IP address”), your country of location, operating system, browser and platform type and access times.",,no,e are responsible for the processing of any personal data you provide to us whilst using our services.,UK Online Safety Act 2023," UK age verification requirements, including the ATVOD, K Data Protection Act 2018, EU GDPR",partial (saves data in encrypted form),no,no,"no
",yes,no,yes,yes,no,yes,19-Sep,,,,,,,
39,Equifax,,"bank account, address, document verification, facial recognition, banki details check",,for enterprises,  ,shared data with MITEK tool and KOUNT,Paid,"We may convert your personal data into statistical or aggregated form so that you are not identified or identifiable, thereby protecting your privacy and creating anonymised data.","Equifax is a “Controller” of your personal data, which means that we make decisions about how and why we process it. As a Controller, we’re responsible for making sure that it’s processed in accordance with data protection laws. ",,"IP, browser type, date and time, ",,no,"Equifax has responsibility for processing personal data it receives under the DPF and subsequently transfers to a third party for external processing. If personal data received under the DPF is transferred to a third party, the third party's access, use, and disclosure of personal data must also be in compliance with our DPF obligations, and we will remain liable under the DPF for any failure to do so by the third party unless we prove we are not responsible for the event giving rise to the damage.",ISO/IEC 27001:2013,The federal Fair Credit Reporting Act (FCRA),shares data with two other parties,no,no,no,yes,no,yes,yes,yes,yes,19-Sep,,,,,,,
40,Experian,,"electoral cards, credit application records, citizen cards, CrossCore Identity Services (UK",,for enterprises,,We share your personal information with those persons who need to handle it so we can provide the Experian products and services you’ve signed up to.,Paid,"We can update this Privacy Policy at any time and ideally you should check it regularly for updates. We won’t alert you to every little change, but if there are any really important changes to the Policy or how we use your information we’ll let you know and where appropriate ask for your consent.",systems are expected to be designed with appropriate security controls for stored data.,,"We also collect certain data automatically when you visit our website or use of our services, including IP address, screen resolution, browser, device type, device ID and software. ",We're transparent about your data and how we use it,no,"Experian holds vast amounts of data, and has a responsibility to make sure it’s kept safe and used only in the most appropriate, responsible ways.",ISO27001 ,Financial Conduct Authority,yes,no,no,no,yes,no,yes,yes,no,yes,19-Sep,,,,,,,
41,Tencent,,identity verification using facial recognition,Tencent’s system is not a general commercial age-verification product (like OneID or Experian) that third-party businesses can just plug in. They have restriction of users to resgister using government ID to use their services/games,,,,,,,,,,,,,,,,,,,,,,,,19-Sep,,,,,,,
42,Melissa,,Leverage  a postal certified address engine using official government data,,,,"Melissa does not rent, sell, or share personal information that you have provided to us when using this website or our mobile apps, including Google Drive integration",,We store the personal data we collect about you for as long as is necessary for the purposes for which we originally collected it. ,"Security measures, such as encryption, are in place to protect the confidentiality of your data.",,Location data. We may collect location data derived from your IP address.,,no,not found,ISO/IEC 27001:2022,"US privacy laws, GDPR",partial (saves data in encryptr form),no,no,no,yes,no,no,yes,yes,yes,19-Sep,,,,,,,
43,Every Pixel,,"uses AI to identify facial images (The tool estimates apparent age, not verifies actual legal age or identity.)",,,,We create collaboration tools to facilitate your work and we wish them to aid you as best as possible. This implies sharing information through the Services with certain third parties,,"We may change the terms of this Privacy Policy at any time. We will post any revised privacy policy on this page and, if the changes are significant, we will post a notice on the Services homepages, login screens, or inform you via an email notification.","Whenever you submit an order to Everypixel, you can do so over a secure (i.e. encrypted) connection to ensure the entire security of your personal information.",,"Your name, address, phone number, email address, password, and other information shall be collected when you register online with our Services.",,no,"Whenever you submit an order to Everypixel, you can do so over a secure (i.e. encrypted) connection to ensure that your personal information is not at risk. In the unlikely event that an unauthorized third-party compromises Everypixel’s security measures, we will not be responsible for any damages directly or indirectly caused by an unauthorized third party’s ability to view, use, or disseminate your information.",NOT FOUND,"COPPA, GDPR, UK online safety act",partial (saves data in encryptr form),no,no,no,yes,no,no,no,yes,yes,19-Sep,,,,,,,
44,Visage Age detection,,"uses AI to anlayse facial features (The tool estimates apparent age, not verifies actual legal age or identity.)",,"marketing, retail, health research, securit",,"In certain situations, Your data can be shared with other entities.",,,saves data in in mathematical (non-raw image) form.,"On average, the accuracy of our age estimation software is +/- 4.5 years. Under controlled conditions, the accuracy can reach as high as +/- 2 years.","With “Cookies”, we collect user IP addresses, browser information, language, operating system, and other standard information required for the statistical analysis of website visitors.",,no,Processing of Your Data can be necessary for us to fulfill our legal obligations,NOT FOUND,GDPR (partially),partial (saves and shares data),yes,no,no,yes,no,yes,no,yes,yes,19-Sep,,,,,,,
,,,,,,,,,,,,,,,,,,,,,,,,,,,,,,,,,,,
,,,,,,,,,,,,,,,,,,,,,,,,,,,,,,,,,,,
,,,,,,,,,,,,,,,,,,,,,,,,,,,,,,,,,,,
,,,,,,,,,,,,,,,,,,,,,,,,,,,,,,,,,,,
,,,,,,,,,,,,,,,,,,,,,,,,,,,,,,,,,,,
,,,,,,,,,,,,,,,,,,,,,,,,,,,,,,,,,,,
,,,,,,,,,,,,,,,,,,,,,,,,,,,,,,,,,,,
,,,,,,,,,,,,,,,,,,,,,,,,,,,,,,,,,,,
,,,,,,,,,,,,,,,,,,,,,,,,,,,,,,,,,,,
,,,,,,,,,,,,,,,,,,,,,,,,,,,,,,,,,,,
,,,,,,,,,,,,,,,,,,,,,,,,,,,,,,,,,,,
,,,,,,,,,,,,,,,,,,,,,,,,,,,,,,,,,,,
,,,,,,,,,,,,,,,,,,,,,,,,,,,,,,,,,,,
,,,,,,,,,,,,,,,,,,,,,,,,,,,,,,,,,,,
,,,,,,,,,,,,,,,,,,,,,,,,,,,,,,,,,,,
,,,,,,,,,,,,,,,,,,,,,,,,,,,,,,,,,,,
,,,,,,,,,,,,,,,,,,,,,,,,,,,,,,,,,,,
,,,,,,,,,,,,,,,,,,,,,,,,,,,,,,,,,,,
,,,,,,,,,,,,,,,,,,,,,,,,,,,,,,,,,,,
,,,,,,,,,,,,,,,,,,,,,,,,,,,,,,,,,,,
,,,,,,,,,,,,,,,,,,,,,,,,,,,,,,,,,,,
,,,,,,,,,,,,,,,,,,,,,,,,,,,,,,,,,,,
,,,,,,,,,,,,,,,,,,,,,,,,,,,,,,,,,,,
,,,,,,,,,,,,,,,,,,,,,,,,,,,,,,,,,,,
,,,,,,,,,,,,,,,,,,,,,,,,,,,,,,,,,,,
,,,,,,,,,,,,,,,,,,,,,,,,,,,,,,,,,,,
,,,,,,,,,,,,,,,,,,,,,,,,,,,,,,,,,,,
,,,,,,,,,,,,,,,,,,,,,,,,,,,,,,,,,,,
,,,,,,,,,,,,,,,,,,,,,,,,,,,,,,,,,,,
,,,,,,,,,,,,,,,,,,,,,,,,,,,,,,,,,,,
,,,,,,,,,,,,,,,,,,,,,,,,,,,,,,,,,,,
,,,,,,,,,,,,,,,,,,,,,,,,,,,,,,,,,,,
,,,,,,,,,,,,,,,,,,,,,,,,,,,,,,,,,,,
,,,,,,,,,,,,,,,,,,,,,,,,,,,,,,,,,,,
,,,,,,,,,,,,,,,,,,,,,,,,,,,,,,,,,,,
,,,,,,,,,,,,,,,,,,,,,,,,,,,,,,,,,,,
,,,,,,,,,,,,,,,,,,,,,,,,,,,,,,,,,,,
,,,,,,,,,,,,,,,,,,,,,,,,,,,,,,,,,,,
,,,,,,,,,,,,,,,,,,,,,,,,,,,,,,,,,,,
,,,,,,,,,,,,,,,,,,,,,,,,,,,,,,,,,,,
,,,,,,,,,,,,,,,,,,,,,,,,,,,,,,,,,,,
,,,,,,,,,,,,,,,,,,,,,,,,,,,,,,,,,,,
,,,,,,,,,,,,,,,,,,,,,,,,,,,,,,,,,,,
,,,,,,,,,,,,,,,,,,,,,,,,,,,,,,,,,,,
,,,,,,,,,,,,,,,,,,,,,,,,,,,,,,,,,,,
,,,,,,,,,,,,,,,,,,,,,,,,,,,,,,,,,,,
,,,,,,,,,,,,,,,,,,,,,,,,,,,,,,,,,,,
,,,,,,,,,,,,,,,,,,,,,,,,,,,,,,,,,,,
,,,,,,,,,,,,,,,,,,,,,,,,,,,,,,,,,,,
,,,,,,,,,,,,,,,,,,,,,,,,,,,,,,,,,,,
,,,,,,,,,,,,,,,,,,,,,,,,,,,,,,,,,,,
,,,,,,,,,,,,,,,,,,,,,,,,,,,,,,,,,,,
,,,,,,,,,,,,,,,,,,,,,,,,,,,,,,,,,,,
,,,,,,,,,,,,,,,,,,,,,,,,,,,,,,,,,,,
,,,,,,,,,,,,,,,,,,,,,,,,,,,,,,,,,,,
,,,,,,,,,,,,,,,,,,,,,,,,,,,,,,,,,,,
,,,,,,,,,,,,,,,,,,,,,,,,,,,,,,,,,,,
,,,,,,,,,,,,,,,,,,,,,,,,,,,,,,,,,,,
,,,,,,,,,,,,,,,,,,,,,,,,,,,,,,,,,,,
,,,,,,,,,,,,,,,,,,,,,,,,,,,,,,,,,,,
,,,,,,,,,,,,,,,,,,,,,,,,,,,,,,,,,,,
,,,,,,,,,,,,,,,,,,,,,,,,,,,,,,,,,,,
,,,,,,,,,,,,,,,,,,,,,,,,,,,,,,,,,,,
,,,,,,,,,,,,,,,,,,,,,,,,,,,,,,,,,,,
,,,,,,,,,,,,,,,,,,,,,,,,,,,,,,,,,,,
,,,,,,,,,,,,,,,,,,,,,,,,,,,,,,,,,,,
,,,,,,,,,,,,,,,,,,,,,,,,,,,,,,,,,,,
,,,,,,,,,,,,,,,,,,,,,,,,,,,,,,,,,,,
,,,,,,,,,,,,,,,,,,,,,,,,,,,,,,,,,,,
,,,,,,,,,,,,,,,,,,,,,,,,,,,,,,,,,,,
,,,,,,,,,,,,,,,,,,,,,,,,,,,,,,,,,,,
,,,,,,,,,,,,,,,,,,,,,,,,,,,,,,,,,,,
,,,,,,,,,,,,,,,,,,,,,,,,,,,,,,,,,,,
,,,,,,,,,,,,,,,,,,,,,,,,,,,,,,,,,,,
,,,,,,,,,,,,,,,,,,,,,,,,,,,,,,,,,,,
,,,,,,,,,,,,,,,,,,,,,,,,,,,,,,,,,,,
,,,,,,,,,,,,,,,,,,,,,,,,,,,,,,,,,,,
,,,,,,,,,,,,,,,,,,,,,,,,,,,,,,,,,,,
,,,,,,,,,,,,,,,,,,,,,,,,,,,,,,,,,,,
,,,,,,,,,,,,,,,,,,,,,,,,,,,,,,,,,,,
,,,,,,,,,,,,,,,,,,,,,,,,,,,,,,,,,,,
,,,,,,,,,,,,,,,,,,,,,,,,,,,,,,,,,,,
,,,,,,,,,,,,,,,,,,,,,,,,,,,,,,,,,,,
,,,,,,,,,,,,,,,,,,,,,,,,,,,,,,,,,,,
,,,,,,,,,,,,,,,,,,,,,,,,,,,,,,,,,,,
,,,,,,,,,,,,,,,,,,,,,,,,,,,,,,,,,,,
,,,,,,,,,,,,,,,,,,,,,,,,,,,,,,,,,,,
,,,,,,,,,,,,,,,,,,,,,,,,,,,,,,,,,,,
,,,,,,,,,,,,,,,,,,,,,,,,,,,,,,,,,,,
,,,,,,,,,,,,,,,,,,,,,,,,,,,,,,,,,,,
,,,,,,,,,,,,,,,,,,,,,,,,,,,,,,,,,,,
,,,,,,,,,,,,,,,,,,,,,,,,,,,,,,,,,,,
,,,,,,,,,,,,,,,,,,,,,,,,,,,,,,,,,,,
,,,,,,,,,,,,,,,,,,,,,,,,,,,,,,,,,,,
,,,,,,,,,,,,,,,,,,,,,,,,,,,,,,,,,,,
,,,,,,,,,,,,,,,,,,,,,,,,,,,,,,,,,,,
,,,,,,,,,,,,,,,,,,,,,,,,,,,,,,,,,,,
,,,,,,,,,,,,,,,,,,,,,,,,,,,,,,,,,,,
,,,,,,,,,,,,,,,,,,,,,,,,,,,,,,,,,,,
,,,,,,,,,,,,,,,,,,,,,,,,,,,,,,,,,,,
,,,,,,,,,,,,,,,,,,,,,,,,,,,,,,,,,,,
,,,,,,,,,,,,,,,,,,,,,,,,,,,,,,,,,,,
,,,,,,,,,,,,,,,,,,,,,,,,,,,,,,,,,,,
,,,,,,,,,,,,,,,,,,,,,,,,,,,,,,,,,,,
,,,,,,,,,,,,,,,,,,,,,,,,,,,,,,,,,,,
,,,,,,,,,,,,,,,,,,,,,,,,,,,,,,,,,,,
,,,,,,,,,,,,,,,,,,,,,,,,,,,,,,,,,,,
,,,,,,,,,,,,,,,,,,,,,,,,,,,,,,,,,,,
,,,,,,,,,,,,,,,,,,,,,,,,,,,,,,,,,,,
,,,,,,,,,,,,,,,,,,,,,,,,,,,,,,,,,,,
,,,,,,,,,,,,,,,,,,,,,,,,,,,,,,,,,,,
,,,,,,,,,,,,,,,,,,,,,,,,,,,,,,,,,,,
,,,,,,,,,,,,,,,,,,,,,,,,,,,,,,,,,,,
,,,,,,,,,,,,,,,,,,,,,,,,,,,,,,,,,,,
,,,,,,,,,,,,,,,,,,,,,,,,,,,,,,,,,,,
,,,,,,,,,,,,,,,,,,,,,,,,,,,,,,,,,,,
,,,,,,,,,,,,,,,,,,,,,,,,,,,,,,,,,,,
,,,,,,,,,,,,,,,,,,,,,,,,,,,,,,,,,,,
,,,,,,,,,,,,,,,,,,,,,,,,,,,,,,,,,,,
,,,,,,,,,,,,,,,,,,,,,,,,,,,,,,,,,,,
,,,,,,,,,,,,,,,,,,,,,,,,,,,,,,,,,,,
,,,,,,,,,,,,,,,,,,,,,,,,,,,,,,,,,,,
,,,,,,,,,,,,,,,,,,,,,,,,,,,,,,,,,,,
,,,,,,,,,,,,,,,,,,,,,,,,,,,,,,,,,,,
,,,,,,,,,,,,,,,,,,,,,,,,,,,,,,,,,,,
,,,,,,,,,,,,,,,,,,,,,,,,,,,,,,,,,,,
,,,,,,,,,,,,,,,,,,,,,,,,,,,,,,,,,,,
,,,,,,,,,,,,,,,,,,,,,,,,,,,,,,,,,,,
,,,,,,,,,,,,,,,,,,,,,,,,,,,,,,,,,,,
,,,,,,,,,,,,,,,,,,,,,,,,,,,,,,,,,,,
,,,,,,,,,,,,,,,,,,,,,,,,,,,,,,,,,,,
,,,,,,,,,,,,,,,,,,,,,,,,,,,,,,,,,,,
,,,,,,,,,,,,,,,,,,,,,,,,,,,,,,,,,,,
,,,,,,,,,,,,,,,,,,,,,,,,,,,,,,,,,,,
,,,,,,,,,,,,,,,,,,,,,,,,,,,,,,,,,,,
,,,,,,,,,,,,,,,,,,,,,,,,,,,,,,,,,,,
,,,,,,,,,,,,,,,,,,,,,,,,,,,,,,,,,,,
,,,,,,,,,,,,,,,,,,,,,,,,,,,,,,,,,,,
,,,,,,,,,,,,,,,,,,,,,,,,,,,,,,,,,,,
,,,,,,,,,,,,,,,,,,,,,,,,,,,,,,,,,,,
,,,,,,,,,,,,,,,,,,,,,,,,,,,,,,,,,,,
,,,,,,,,,,,,,,,,,,,,,,,,,,,,,,,,,,,
,,,,,,,,,,,,,,,,,,,,,,,,,,,,,,,,,,,
,,,,,,,,,,,,,,,,,,,,,,,,,,,,,,,,,,,
,,,,,,,,,,,,,,,,,,,,,,,,,,,,,,,,,,,
,,,,,,,,,,,,,,,,,,,,,,,,,,,,,,,,,,,
,,,,,,,,,,,,,,,,,,,,,,,,,,,,,,,,,,,
,,,,,,,,,,,,,,,,,,,,,,,,,,,,,,,,,,,
,,,,,,,,,,,,,,,,,,,,,,,,,,,,,,,,,,,
,,,,,,,,,,,,,,,,,,,,,,,,,,,,,,,,,,,
,,,,,,,,,,,,,,,,,,,,,,,,,,,,,,,,,,,
,,,,,,,,,,,,,,,,,,,,,,,,,,,,,,,,,,,
,,,,,,,,,,,,,,,,,,,,,,,,,,,,,,,,,,,
,,,,,,,,,,,,,,,,,,,,,,,,,,,,,,,,,,,
,,,,,,,,,,,,,,,,,,,,,,,,,,,,,,,,,,,
,,,,,,,,,,,,,,,,,,,,,,,,,,,,,,,,,,,
,,,,,,,,,,,,,,,,,,,,,,,,,,,,,,,,,,,
,,,,,,,,,,,,,,,,,,,,,,,,,,,,,,,,,,,
,,,,,,,,,,,,,,,,,,,,,,,,,,,,,,,,,,,
,,,,,,,,,,,,,,,,,,,,,,,,,,,,,,,,,,,
,,,,,,,,,,,,,,,,,,,,,,,,,,,,,,,,,,,
,,,,,,,,,,,,,,,,,,,,,,,,,,,,,,,,,,,
,,,,,,,,,,,,,,,,,,,,,,,,,,,,,,,,,,,
,,,,,,,,,,,,,,,,,,,,,,,,,,,,,,,,,,,
,,,,,,,,,,,,,,,,,,,,,,,,,,,,,,,,,,,
,,,,,,,,,,,,,,,,,,,,,,,,,,,,,,,,,,,
,,,,,,,,,,,,,,,,,,,,,,,,,,,,,,,,,,,
,,,,,,,,,,,,,,,,,,,,,,,,,,,,,,,,,,,
,,,,,,,,,,,,,,,,,,,,,,,,,,,,,,,,,,,
,,,,,,,,,,,,,,,,,,,,,,,,,,,,,,,,,,,
,,,,,,,,,,,,,,,,,,,,,,,,,,,,,,,,,,,
,,,,,,,,,,,,,,,,,,,,,,,,,,,,,,,,,,,
,,,,,,,,,,,,,,,,,,,,,,,,,,,,,,,,,,,
,,,,,,,,,,,,,,,,,,,,,,,,,,,,,,,,,,,
,,,,,,,,,,,,,,,,,,,,,,,,,,,,,,,,,,,
,,,,,,,,,,,,,,,,,,,,,,,,,,,,,,,,,,,
,,,,,,,,,,,,,,,,,,,,,,,,,,,,,,,,,,,
,,,,,,,,,,,,,,,,,,,,,,,,,,,,,,,,,,,
,,,,,,,,,,,,,,,,,,,,,,,,,,,,,,,,,,,
,,,,,,,,,,,,,,,,,,,,,,,,,,,,,,,,,,,
,,,,,,,,,,,,,,,,,,,,,,,,,,,,,,,,,,,
,,,,,,,,,,,,,,,,,,,,,,,,,,,,,,,,,,,
,,,,,,,,,,,,,,,,,,,,,,,,,,,,,,,,,,,
,,,,,,,,,,,,,,,,,,,,,,,,,,,,,,,,,,,
,,,,,,,,,,,,,,,,,,,,,,,,,,,,,,,,,,,
,,,,,,,,,,,,,,,,,,,,,,,,,,,,,,,,,,,
,,,,,,,,,,,,,,,,,,,,,,,,,,,,,,,,,,,
,,,,,,,,,,,,,,,,,,,,,,,,,,,,,,,,,,,
,,,,,,,,,,,,,,,,,,,,,,,,,,,,,,,,,,,
,,,,,,,,,,,,,,,,,,,,,,,,,,,,,,,,,,,
,,,,,,,,,,,,,,,,,,,,,,,,,,,,,,,,,,,
,,,,,,,,,,,,,,,,,,,,,,,,,,,,,,,,,,,
,,,,,,,,,,,,,,,,,,,,,,,,,,,,,,,,,,,
,,,,,,,,,,,,,,,,,,,,,,,,,,,,,,,,,,,
,,,,,,,,,,,,,,,,,,,,,,,,,,,,,,,,,,,
,,,,,,,,,,,,,,,,,,,,,,,,,,,,,,,,,,,
,,,,,,,,,,,,,,,,,,,,,,,,,,,,,,,,,,,
,,,,,,,,,,,,,,,,,,,,,,,,,,,,,,,,,,,
,,,,,,,,,,,,,,,,,,,,,,,,,,,,,,,,,,,
,,,,,,,,,,,,,,,,,,,,,,,,,,,,,,,,,,,
,,,,,,,,,,,,,,,,,,,,,,,,,,,,,,,,,,,
,,,,,,,,,,,,,,,,,,,,,,,,,,,,,,,,,,,
,,,,,,,,,,,,,,,,,,,,,,,,,,,,,,,,,,,
,,,,,,,,,,,,,,,,,,,,,,,,,,,,,,,,,,,
,,,,,,,,,,,,,,,,,,,,,,,,,,,,,,,,,,,
,,,,,,,,,,,,,,,,,,,,,,,,,,,,,,,,,,,
,,,,,,,,,,,,,,,,,,,,,,,,,,,,,,,,,,,
,,,,,,,,,,,,,,,,,,,,,,,,,,,,,,,,,,,
,,,,,,,,,,,,,,,,,,,,,,,,,,,,,,,,,,,
,,,,,,,,,,,,,,,,,,,,,,,,,,,,,,,,,,,
,,,,,,,,,,,,,,,,,,,,,,,,,,,,,,,,,,,
,,,,,,,,,,,,,,,,,,,,,,,,,,,,,,,,,,,
,,,,,,,,,,,,,,,,,,,,,,,,,,,,,,,,,,,
,,,,,,,,,,,,,,,,,,,,,,,,,,,,,,,,,,,
,,,,,,,,,,,,,,,,,,,,,,,,,,,,,,,,,,,
,,,,,,,,,,,,,,,,,,,,,,,,,,,,,,,,,,,
,,,,,,,,,,,,,,,,,,,,,,,,,,,,,,,,,,,
,,,,,,,,,,,,,,,,,,,,,,,,,,,,,,,,,,,
,,,,,,,,,,,,,,,,,,,,,,,,,,,,,,,,,,,
,,,,,,,,,,,,,,,,,,,,,,,,,,,,,,,,,,,
,,,,,,,,,,,,,,,,,,,,,,,,,,,,,,,,,,,
,,,,,,,,,,,,,,,,,,,,,,,,,,,,,,,,,,,
,,,,,,,,,,,,,,,,,,,,,,,,,,,,,,,,,,,
,,,,,,,,,,,,,,,,,,,,,,,,,,,,,,,,,,,
,,,,,,,,,,,,,,,,,,,,,,,,,,,,,,,,,,,
,,,,,,,,,,,,,,,,,,,,,,,,,,,,,,,,,,,
,,,,,,,,,,,,,,,,,,,,,,,,,,,,,,,,,,,
,,,,,,,,,,,,,,,,,,,,,,,,,,,,,,,,,,,
,,,,,,,,,,,,,,,,,,,,,,,,,,,,,,,,,,,
,,,,,,,,,,,,,,,,,,,,,,,,,,,,,,,,,,,
,,,,,,,,,,,,,,,,,,,,,,,,,,,,,,,,,,,
,,,,,,,,,,,,,,,,,,,,,,,,,,,,,,,,,,,
,,,,,,,,,,,,,,,,,,,,,,,,,,,,,,,,,,,
,,,,,,,,,,,,,,,,,,,,,,,,,,,,,,,,,,,
,,,,,,,,,,,,,,,,,,,,,,,,,,,,,,,,,,,
,,,,,,,,,,,,,,,,,,,,,,,,,,,,,,,,,,,
,,,,,,,,,,,,,,,,,,,,,,,,,,,,,,,,,,,
,,,,,,,,,,,,,,,,,,,,,,,,,,,,,,,,,,,
,,,,,,,,,,,,,,,,,,,,,,,,,,,,,,,,,,,
,,,,,,,,,,,,,,,,,,,,,,,,,,,,,,,,,,,
,,,,,,,,,,,,,,,,,,,,,,,,,,,,,,,,,,,
,,,,,,,,,,,,,,,,,,,,,,,,,,,,,,,,,,,
,,,,,,,,,,,,,,,,,,,,,,,,,,,,,,,,,,,
,,,,,,,,,,,,,,,,,,,,,,,,,,,,,,,,,,,
,,,,,,,,,,,,,,,,,,,,,,,,,,,,,,,,,,,
,,,,,,,,,,,,,,,,,,,,,,,,,,,,,,,,,,,
,,,,,,,,,,,,,,,,,,,,,,,,,,,,,,,,,,,
,,,,,,,,,,,,,,,,,,,,,,,,,,,,,,,,,,,
,,,,,,,,,,,,,,,,,,,,,,,,,,,,,,,,,,,
,,,,,,,,,,,,,,,,,,,,,,,,,,,,,,,,,,,
,,,,,,,,,,,,,,,,,,,,,,,,,,,,,,,,,,,
,,,,,,,,,,,,,,,,,,,,,,,,,,,,,,,,,,,
,,,,,,,,,,,,,,,,,,,,,,,,,,,,,,,,,,,
,,,,,,,,,,,,,,,,,,,,,,,,,,,,,,,,,,,
,,,,,,,,,,,,,,,,,,,,,,,,,,,,,,,,,,,
,,,,,,,,,,,,,,,,,,,,,,,,,,,,,,,,,,,
,,,,,,,,,,,,,,,,,,,,,,,,,,,,,,,,,,,
,,,,,,,,,,,,,,,,,,,,,,,,,,,,,,,,,,,
,,,,,,,,,,,,,,,,,,,,,,,,,,,,,,,,,,,
,,,,,,,,,,,,,,,,,,,,,,,,,,,,,,,,,,,
,,,,,,,,,,,,,,,,,,,,,,,,,,,,,,,,,,,
,,,,,,,,,,,,,,,,,,,,,,,,,,,,,,,,,,,
,,,,,,,,,,,,,,,,,,,,,,,,,,,,,,,,,,,
,,,,,,,,,,,,,,,,,,,,,,,,,,,,,,,,,,,
,,,,,,,,,,,,,,,,,,,,,,,,,,,,,,,,,,,
,,,,,,,,,,,,,,,,,,,,,,,,,,,,,,,,,,,
,,,,,,,,,,,,,,,,,,,,,,,,,,,,,,,,,,,
,,,,,,,,,,,,,,,,,,,,,,,,,,,,,,,,,,,
,,,,,,,,,,,,,,,,,,,,,,,,,,,,,,,,,,,
,,,,,,,,,,,,,,,,,,,,,,,,,,,,,,,,,,,
,,,,,,,,,,,,,,,,,,,,,,,,,,,,,,,,,,,
,,,,,,,,,,,,,,,,,,,,,,,,,,,,,,,,,,,
,,,,,,,,,,,,,,,,,,,,,,,,,,,,,,,,,,,
,,,,,,,,,,,,,,,,,,,,,,,,,,,,,,,,,,,
,,,,,,,,,,,,,,,,,,,,,,,,,,,,,,,,,,,
,,,,,,,,,,,,,,,,,,,,,,,,,,,,,,,,,,,
,,,,,,,,,,,,,,,,,,,,,,,,,,,,,,,,,,,
,,,,,,,,,,,,,,,,,,,,,,,,,,,,,,,,,,,
,,,,,,,,,,,,,,,,,,,,,,,,,,,,,,,,,,,
,,,,,,,,,,,,,,,,,,,,,,,,,,,,,,,,,,,
,,,,,,,,,,,,,,,,,,,,,,,,,,,,,,,,,,,
,,,,,,,,,,,,,,,,,,,,,,,,,,,,,,,,,,,
,,,,,,,,,,,,,,,,,,,,,,,,,,,,,,,,,,,
,,,,,,,,,,,,,,,,,,,,,,,,,,,,,,,,,,,
,,,,,,,,,,,,,,,,,,,,,,,,,,,,,,,,,,,
,,,,,,,,,,,,,,,,,,,,,,,,,,,,,,,,,,,
,,,,,,,,,,,,,,,,,,,,,,,,,,,,,,,,,,,
,,,,,,,,,,,,,,,,,,,,,,,,,,,,,,,,,,,
,,,,,,,,,,,,,,,,,,,,,,,,,,,,,,,,,,,
,,,,,,,,,,,,,,,,,,,,,,,,,,,,,,,,,,,
,,,,,,,,,,,,,,,,,,,,,,,,,,,,,,,,,,,
,,,,,,,,,,,,,,,,,,,,,,,,,,,,,,,,,,,
,,,,,,,,,,,,,,,,,,,,,,,,,,,,,,,,,,,
,,,,,,,,,,,,,,,,,,,,,,,,,,,,,,,,,,,
,,,,,,,,,,,,,,,,,,,,,,,,,,,,,,,,,,,
,,,,,,,,,,,,,,,,,,,,,,,,,,,,,,,,,,,
,,,,,,,,,,,,,,,,,,,,,,,,,,,,,,,,,,,
,,,,,,,,,,,,,,,,,,,,,,,,,,,,,,,,,,,
,,,,,,,,,,,,,,,,,,,,,,,,,,,,,,,,,,,
,,,,,,,,,,,,,,,,,,,,,,,,,,,,,,,,,,,
,,,,,,,,,,,,,,,,,,,,,,,,,,,,,,,,,,,
,,,,,,,,,,,,,,,,,,,,,,,,,,,,,,,,,,,
,,,,,,,,,,,,,,,,,,,,,,,,,,,,,,,,,,,
,,,,,,,,,,,,,,,,,,,,,,,,,,,,,,,,,,,
,,,,,,,,,,,,,,,,,,,,,,,,,,,,,,,,,,,
,,,,,,,,,,,,,,,,,,,,,,,,,,,,,,,,,,,
,,,,,,,,,,,,,,,,,,,,,,,,,,,,,,,,,,,
,,,,,,,,,,,,,,,,,,,,,,,,,,,,,,,,,,,
,,,,,,,,,,,,,,,,,,,,,,,,,,,,,,,,,,,
,,,,,,,,,,,,,,,,,,,,,,,,,,,,,,,,,,,
,,,,,,,,,,,,,,,,,,,,,,,,,,,,,,,,,,,
,,,,,,,,,,,,,,,,,,,,,,,,,,,,,,,,,,,
,,,,,,,,,,,,,,,,,,,,,,,,,,,,,,,,,,,
,,,,,,,,,,,,,,,,,,,,,,,,,,,,,,,,,,,
,,,,,,,,,,,,,,,,,,,,,,,,,,,,,,,,,,,
,,,,,,,,,,,,,,,,,,,,,,,,,,,,,,,,,,,
,,,,,,,,,,,,,,,,,,,,,,,,,,,,,,,,,,,
,,,,,,,,,,,,,,,,,,,,,,,,,,,,,,,,,,,
,,,,,,,,,,,,,,,,,,,,,,,,,,,,,,,,,,,
,,,,,,,,,,,,,,,,,,,,,,,,,,,,,,,,,,,
,,,,,,,,,,,,,,,,,,,,,,,,,,,,,,,,,,,
,,,,,,,,,,,,,,,,,,,,,,,,,,,,,,,,,,,
,,,,,,,,,,,,,,,,,,,,,,,,,,,,,,,,,,,
,,,,,,,,,,,,,,,,,,,,,,,,,,,,,,,,,,,
,,,,,,,,,,,,,,,,,,,,,,,,,,,,,,,,,,,
,,,,,,,,,,,,,,,,,,,,,,,,,,,,,,,,,,,
,,,,,,,,,,,,,,,,,,,,,,,,,,,,,,,,,,,
,,,,,,,,,,,,,,,,,,,,,,,,,,,,,,,,,,,
,,,,,,,,,,,,,,,,,,,,,,,,,,,,,,,,,,,
,,,,,,,,,,,,,,,,,,,,,,,,,,,,,,,,,,,
,,,,,,,,,,,,,,,,,,,,,,,,,,,,,,,,,,,
,,,,,,,,,,,,,,,,,,,,,,,,,,,,,,,,,,,
,,,,,,,,,,,,,,,,,,,,,,,,,,,,,,,,,,,
,,,,,,,,,,,,,,,,,,,,,,,,,,,,,,,,,,,
,,,,,,,,,,,,,,,,,,,,,,,,,,,,,,,,,,,
,,,,,,,,,,,,,,,,,,,,,,,,,,,,,,,,,,,
,,,,,,,,,,,,,,,,,,,,,,,,,,,,,,,,,,,
,,,,,,,,,,,,,,,,,,,,,,,,,,,,,,,,,,,
,,,,,,,,,,,,,,,,,,,,,,,,,,,,,,,,,,,
,,,,,,,,,,,,,,,,,,,,,,,,,,,,,,,,,,,
,,,,,,,,,,,,,,,,,,,,,,,,,,,,,,,,,,,
,,,,,,,,,,,,,,,,,,,,,,,,,,,,,,,,,,,
,,,,,,,,,,,,,,,,,,,,,,,,,,,,,,,,,,,
,,,,,,,,,,,,,,,,,,,,,,,,,,,,,,,,,,,
,,,,,,,,,,,,,,,,,,,,,,,,,,,,,,,,,,,
,,,,,,,,,,,,,,,,,,,,,,,,,,,,,,,,,,,
,,,,,,,,,,,,,,,,,,,,,,,,,,,,,,,,,,,
,,,,,,,,,,,,,,,,,,,,,,,,,,,,,,,,,,,
,,,,,,,,,,,,,,,,,,,,,,,,,,,,,,,,,,,
,,,,,,,,,,,,,,,,,,,,,,,,,,,,,,,,,,,
,,,,,,,,,,,,,,,,,,,,,,,,,,,,,,,,,,,
,,,,,,,,,,,,,,,,,,,,,,,,,,,,,,,,,,,
,,,,,,,,,,,,,,,,,,,,,,,,,,,,,,,,,,,
,,,,,,,,,,,,,,,,,,,,,,,,,,,,,,,,,,,
,,,,,,,,,,,,,,,,,,,,,,,,,,,,,,,,,,,
,,,,,,,,,,,,,,,,,,,,,,,,,,,,,,,,,,,
,,,,,,,,,,,,,,,,,,,,,,,,,,,,,,,,,,,
,,,,,,,,,,,,,,,,,,,,,,,,,,,,,,,,,,,
,,,,,,,,,,,,,,,,,,,,,,,,,,,,,,,,,,,
,,,,,,,,,,,,,,,,,,,,,,,,,,,,,,,,,,,
,,,,,,,,,,,,,,,,,,,,,,,,,,,,,,,,,,,
,,,,,,,,,,,,,,,,,,,,,,,,,,,,,,,,,,,
,,,,,,,,,,,,,,,,,,,,,,,,,,,,,,,,,,,
,,,,,,,,,,,,,,,,,,,,,,,,,,,,,,,,,,,
,,,,,,,,,,,,,,,,,,,,,,,,,,,,,,,,,,,
,,,,,,,,,,,,,,,,,,,,,,,,,,,,,,,,,,,
,,,,,,,,,,,,,,,,,,,,,,,,,,,,,,,,,,,
,,,,,,,,,,,,,,,,,,,,,,,,,,,,,,,,,,,
,,,,,,,,,,,,,,,,,,,,,,,,,,,,,,,,,,,
,,,,,,,,,,,,,,,,,,,,,,,,,,,,,,,,,,,
,,,,,,,,,,,,,,,,,,,,,,,,,,,,,,,,,,,
,,,,,,,,,,,,,,,,,,,,,,,,,,,,,,,,,,,
,,,,,,,,,,,,,,,,,,,,,,,,,,,,,,,,,,,
,,,,,,,,,,,,,,,,,,,,,,,,,,,,,,,,,,,
,,,,,,,,,,,,,,,,,,,,,,,,,,,,,,,,,,,
,,,,,,,,,,,,,,,,,,,,,,,,,,,,,,,,,,,
,,,,,,,,,,,,,,,,,,,,,,,,,,,,,,,,,,,
,,,,,,,,,,,,,,,,,,,,,,,,,,,,,,,,,,,
,,,,,,,,,,,,,,,,,,,,,,,,,,,,,,,,,,,
,,,,,,,,,,,,,,,,,,,,,,,,,,,,,,,,,,,
,,,,,,,,,,,,,,,,,,,,,,,,,,,,,,,,,,,
,,,,,,,,,,,,,,,,,,,,,,,,,,,,,,,,,,,
,,,,,,,,,,,,,,,,,,,,,,,,,,,,,,,,,,,
,,,,,,,,,,,,,,,,,,,,,,,,,,,,,,,,,,,
,,,,,,,,,,,,,,,,,,,,,,,,,,,,,,,,,,,
,,,,,,,,,,,,,,,,,,,,,,,,,,,,,,,,,,,
,,,,,,,,,,,,,,,,,,,,,,,,,,,,,,,,,,,
,,,,,,,,,,,,,,,,,,,,,,,,,,,,,,,,,,,
,,,,,,,,,,,,,,,,,,,,,,,,,,,,,,,,,,,
,,,,,,,,,,,,,,,,,,,,,,,,,,,,,,,,,,,
,,,,,,,,,,,,,,,,,,,,,,,,,,,,,,,,,,,
,,,,,,,,,,,,,,,,,,,,,,,,,,,,,,,,,,,
,,,,,,,,,,,,,,,,,,,,,,,,,,,,,,,,,,,
,,,,,,,,,,,,,,,,,,,,,,,,,,,,,,,,,,,
,,,,,,,,,,,,,,,,,,,,,,,,,,,,,,,,,,,
,,,,,,,,,,,,,,,,,,,,,,,,,,,,,,,,,,,
,,,,,,,,,,,,,,,,,,,,,,,,,,,,,,,,,,,
,,,,,,,,,,,,,,,,,,,,,,,,,,,,,,,,,,,
,,,,,,,,,,,,,,,,,,,,,,,,,,,,,,,,,,,
,,,,,,,,,,,,,,,,,,,,,,,,,,,,,,,,,,,
,,,,,,,,,,,,,,,,,,,,,,,,,,,,,,,,,,,
,,,,,,,,,,,,,,,,,,,,,,,,,,,,,,,,,,,
,,,,,,,,,,,,,,,,,,,,,,,,,,,,,,,,,,,
,,,,,,,,,,,,,,,,,,,,,,,,,,,,,,,,,,,
,,,,,,,,,,,,,,,,,,,,,,,,,,,,,,,,,,,
,,,,,,,,,,,,,,,,,,,,,,,,,,,,,,,,,,,
,,,,,,,,,,,,,,,,,,,,,,,,,,,,,,,,,,,
,,,,,,,,,,,,,,,,,,,,,,,,,,,,,,,,,,,
,,,,,,,,,,,,,,,,,,,,,,,,,,,,,,,,,,,
,,,,,,,,,,,,,,,,,,,,,,,,,,,,,,,,,,,
,,,,,,,,,,,,,,,,,,,,,,,,,,,,,,,,,,,
,,,,,,,,,,,,,,,,,,,,,,,,,,,,,,,,,,,
,,,,,,,,,,,,,,,,,,,,,,,,,,,,,,,,,,,
,,,,,,,,,,,,,,,,,,,,,,,,,,,,,,,,,,,
,,,,,,,,,,,,,,,,,,,,,,,,,,,,,,,,,,,
,,,,,,,,,,,,,,,,,,,,,,,,,,,,,,,,,,,
,,,,,,,,,,,,,,,,,,,,,,,,,,,,,,,,,,,
,,,,,,,,,,,,,,,,,,,,,,,,,,,,,,,,,,,
,,,,,,,,,,,,,,,,,,,,,,,,,,,,,,,,,,,
,,,,,,,,,,,,,,,,,,,,,,,,,,,,,,,,,,,
,,,,,,,,,,,,,,,,,,,,,,,,,,,,,,,,,,,
,,,,,,,,,,,,,,,,,,,,,,,,,,,,,,,,,,,
,,,,,,,,,,,,,,,,,,,,,,,,,,,,,,,,,,,
,,,,,,,,,,,,,,,,,,,,,,,,,,,,,,,,,,,
,,,,,,,,,,,,,,,,,,,,,,,,,,,,,,,,,,,
,,,,,,,,,,,,,,,,,,,,,,,,,,,,,,,,,,,
,,,,,,,,,,,,,,,,,,,,,,,,,,,,,,,,,,,
,,,,,,,,,,,,,,,,,,,,,,,,,,,,,,,,,,,
,,,,,,,,,,,,,,,,,,,,,,,,,,,,,,,,,,,
,,,,,,,,,,,,,,,,,,,,,,,,,,,,,,,,,,,
,,,,,,,,,,,,,,,,,,,,,,,,,,,,,,,,,,,
,,,,,,,,,,,,,,,,,,,,,,,,,,,,,,,,,,,
,,,,,,,,,,,,,,,,,,,,,,,,,,,,,,,,,,,
,,,,,,,,,,,,,,,,,,,,,,,,,,,,,,,,,,,
,,,,,,,,,,,,,,,,,,,,,,,,,,,,,,,,,,,
,,,,,,,,,,,,,,,,,,,,,,,,,,,,,,,,,,,
,,,,,,,,,,,,,,,,,,,,,,,,,,,,,,,,,,,
,,,,,,,,,,,,,,,,,,,,,,,,,,,,,,,,,,,
,,,,,,,,,,,,,,,,,,,,,,,,,,,,,,,,,,,
,,,,,,,,,,,,,,,,,,,,,,,,,,,,,,,,,,,
,,,,,,,,,,,,,,,,,,,,,,,,,,,,,,,,,,,
,,,,,,,,,,,,,,,,,,,,,,,,,,,,,,,,,,,
,,,,,,,,,,,,,,,,,,,,,,,,,,,,,,,,,,,
,,,,,,,,,,,,,,,,,,,,,,,,,,,,,,,,,,,
,,,,,,,,,,,,,,,,,,,,,,,,,,,,,,,,,,,
,,,,,,,,,,,,,,,,,,,,,,,,,,,,,,,,,,,
,,,,,,,,,,,,,,,,,,,,,,,,,,,,,,,,,,,
,,,,,,,,,,,,,,,,,,,,,,,,,,,,,,,,,,,
,,,,,,,,,,,,,,,,,,,,,,,,,,,,,,,,,,,
,,,,,,,,,,,,,,,,,,,,,,,,,,,,,,,,,,,
,,,,,,,,,,,,,,,,,,,,,,,,,,,,,,,,,,,
,,,,,,,,,,,,,,,,,,,,,,,,,,,,,,,,,,,
,,,,,,,,,,,,,,,,,,,,,,,,,,,,,,,,,,,
,,,,,,,,,,,,,,,,,,,,,,,,,,,,,,,,,,,
,,,,,,,,,,,,,,,,,,,,,,,,,,,,,,,,,,,
,,,,,,,,,,,,,,,,,,,,,,,,,,,,,,,,,,,
,,,,,,,,,,,,,,,,,,,,,,,,,,,,,,,,,,,
,,,,,,,,,,,,,,,,,,,,,,,,,,,,,,,,,,,
,,,,,,,,,,,,,,,,,,,,,,,,,,,,,,,,,,,
,,,,,,,,,,,,,,,,,,,,,,,,,,,,,,,,,,,
,,,,,,,,,,,,,,,,,,,,,,,,,,,,,,,,,,,
,,,,,,,,,,,,,,,,,,,,,,,,,,,,,,,,,,,
,,,,,,,,,,,,,,,,,,,,,,,,,,,,,,,,,,,
,,,,,,,,,,,,,,,,,,,,,,,,,,,,,,,,,,,
,,,,,,,,,,,,,,,,,,,,,,,,,,,,,,,,,,,
,,,,,,,,,,,,,,,,,,,,,,,,,,,,,,,,,,,
,,,,,,,,,,,,,,,,,,,,,,,,,,,,,,,,,,,
,,,,,,,,,,,,,,,,,,,,,,,,,,,,,,,,,,,
,,,,,,,,,,,,,,,,,,,,,,,,,,,,,,,,,,,
,,,,,,,,,,,,,,,,,,,,,,,,,,,,,,,,,,,
,,,,,,,,,,,,,,,,,,,,,,,,,,,,,,,,,,,
,,,,,,,,,,,,,,,,,,,,,,,,,,,,,,,,,,,
,,,,,,,,,,,,,,,,,,,,,,,,,,,,,,,,,,,
,,,,,,,,,,,,,,,,,,,,,,,,,,,,,,,,,,,
,,,,,,,,,,,,,,,,,,,,,,,,,,,,,,,,,,,
,,,,,,,,,,,,,,,,,,,,,,,,,,,,,,,,,,,
,,,,,,,,,,,,,,,,,,,,,,,,,,,,,,,,,,,
,,,,,,,,,,,,,,,,,,,,,,,,,,,,,,,,,,,
,,,,,,,,,,,,,,,,,,,,,,,,,,,,,,,,,,,
,,,,,,,,,,,,,,,,,,,,,,,,,,,,,,,,,,,
,,,,,,,,,,,,,,,,,,,,,,,,,,,,,,,,,,,
,,,,,,,,,,,,,,,,,,,,,,,,,,,,,,,,,,,
,,,,,,,,,,,,,,,,,,,,,,,,,,,,,,,,,,,
,,,,,,,,,,,,,,,,,,,,,,,,,,,,,,,,,,,
,,,,,,,,,,,,,,,,,,,,,,,,,,,,,,,,,,,
,,,,,,,,,,,,,,,,,,,,,,,,,,,,,,,,,,,
,,,,,,,,,,,,,,,,,,,,,,,,,,,,,,,,,,,
,,,,,,,,,,,,,,,,,,,,,,,,,,,,,,,,,,,
,,,,,,,,,,,,,,,,,,,,,,,,,,,,,,,,,,,
,,,,,,,,,,,,,,,,,,,,,,,,,,,,,,,,,,,
,,,,,,,,,,,,,,,,,,,,,,,,,,,,,,,,,,,
,,,,,,,,,,,,,,,,,,,,,,,,,,,,,,,,,,,
,,,,,,,,,,,,,,,,,,,,,,,,,,,,,,,,,,,
,,,,,,,,,,,,,,,,,,,,,,,,,,,,,,,,,,,
,,,,,,,,,,,,,,,,,,,,,,,,,,,,,,,,,,,
,,,,,,,,,,,,,,,,,,,,,,,,,,,,,,,,,,,
,,,,,,,,,,,,,,,,,,,,,,,,,,,,,,,,,,,
,,,,,,,,,,,,,,,,,,,,,,,,,,,,,,,,,,,
,,,,,,,,,,,,,,,,,,,,,,,,,,,,,,,,,,,
,,,,,,,,,,,,,,,,,,,,,,,,,,,,,,,,,,,
,,,,,,,,,,,,,,,,,,,,,,,,,,,,,,,,,,,
,,,,,,,,,,,,,,,,,,,,,,,,,,,,,,,,,,,
,,,,,,,,,,,,,,,,,,,,,,,,,,,,,,,,,,,
,,,,,,,,,,,,,,,,,,,,,,,,,,,,,,,,,,,
,,,,,,,,,,,,,,,,,,,,,,,,,,,,,,,,,,,
,,,,,,,,,,,,,,,,,,,,,,,,,,,,,,,,,,,
,,,,,,,,,,,,,,,,,,,,,,,,,,,,,,,,,,,
,,,,,,,,,,,,,,,,,,,,,,,,,,,,,,,,,,,
,,,,,,,,,,,,,,,,,,,,,,,,,,,,,,,,,,,
,,,,,,,,,,,,,,,,,,,,,,,,,,,,,,,,,,,
,,,,,,,,,,,,,,,,,,,,,,,,,,,,,,,,,,,
,,,,,,,,,,,,,,,,,,,,,,,,,,,,,,,,,,,
,,,,,,,,,,,,,,,,,,,,,,,,,,,,,,,,,,,
,,,,,,,,,,,,,,,,,,,,,,,,,,,,,,,,,,,
,,,,,,,,,,,,,,,,,,,,,,,,,,,,,,,,,,,
,,,,,,,,,,,,,,,,,,,,,,,,,,,,,,,,,,,
,,,,,,,,,,,,,,,,,,,,,,,,,,,,,,,,,,,
,,,,,,,,,,,,,,,,,,,,,,,,,,,,,,,,,,,
,,,,,,,,,,,,,,,,,,,,,,,,,,,,,,,,,,,
,,,,,,,,,,,,,,,,,,,,,,,,,,,,,,,,,,,
,,,,,,,,,,,,,,,,,,,,,,,,,,,,,,,,,,,
,,,,,,,,,,,,,,,,,,,,,,,,,,,,,,,,,,,
,,,,,,,,,,,,,,,,,,,,,,,,,,,,,,,,,,,
,,,,,,,,,,,,,,,,,,,,,,,,,,,,,,,,,,,
,,,,,,,,,,,,,,,,,,,,,,,,,,,,,,,,,,,
,,,,,,,,,,,,,,,,,,,,,,,,,,,,,,,,,,,
,,,,,,,,,,,,,,,,,,,,,,,,,,,,,,,,,,,
,,,,,,,,,,,,,,,,,,,,,,,,,,,,,,,,,,,
,,,,,,,,,,,,,,,,,,,,,,,,,,,,,,,,,,,
,,,,,,,,,,,,,,,,,,,,,,,,,,,,,,,,,,,
,,,,,,,,,,,,,,,,,,,,,,,,,,,,,,,,,,,
,,,,,,,,,,,,,,,,,,,,,,,,,,,,,,,,,,,
,,,,,,,,,,,,,,,,,,,,,,,,,,,,,,,,,,,
,,,,,,,,,,,,,,,,,,,,,,,,,,,,,,,,,,,
,,,,,,,,,,,,,,,,,,,,,,,,,,,,,,,,,,,
,,,,,,,,,,,,,,,,,,,,,,,,,,,,,,,,,,,
,,,,,,,,,,,,,,,,,,,,,,,,,,,,,,,,,,,
,,,,,,,,,,,,,,,,,,,,,,,,,,,,,,,,,,,
,,,,,,,,,,,,,,,,,,,,,,,,,,,,,,,,,,,
,,,,,,,,,,,,,,,,,,,,,,,,,,,,,,,,,,,
,,,,,,,,,,,,,,,,,,,,,,,,,,,,,,,,,,,
,,,,,,,,,,,,,,,,,,,,,,,,,,,,,,,,,,,
,,,,,,,,,,,,,,,,,,,,,,,,,,,,,,,,,,,
,,,,,,,,,,,,,,,,,,,,,,,,,,,,,,,,,,,
,,,,,,,,,,,,,,,,,,,,,,,,,,,,,,,,,,,
,,,,,,,,,,,,,,,,,,,,,,,,,,,,,,,,,,,
,,,,,,,,,,,,,,,,,,,,,,,,,,,,,,,,,,,
,,,,,,,,,,,,,,,,,,,,,,,,,,,,,,,,,,,
,,,,,,,,,,,,,,,,,,,,,,,,,,,,,,,,,,,
,,,,,,,,,,,,,,,,,,,,,,,,,,,,,,,,,,,
,,,,,,,,,,,,,,,,,,,,,,,,,,,,,,,,,,,
,,,,,,,,,,,,,,,,,,,,,,,,,,,,,,,,,,,
,,,,,,,,,,,,,,,,,,,,,,,,,,,,,,,,,,,
,,,,,,,,,,,,,,,,,,,,,,,,,,,,,,,,,,,
,,,,,,,,,,,,,,,,,,,,,,,,,,,,,,,,,,,
,,,,,,,,,,,,,,,,,,,,,,,,,,,,,,,,,,,
,,,,,,,,,,,,,,,,,,,,,,,,,,,,,,,,,,,
,,,,,,,,,,,,,,,,,,,,,,,,,,,,,,,,,,,
,,,,,,,,,,,,,,,,,,,,,,,,,,,,,,,,,,,
,,,,,,,,,,,,,,,,,,,,,,,,,,,,,,,,,,,
,,,,,,,,,,,,,,,,,,,,,,,,,,,,,,,,,,,
,,,,,,,,,,,,,,,,,,,,,,,,,,,,,,,,,,,
,,,,,,,,,,,,,,,,,,,,,,,,,,,,,,,,,,,
,,,,,,,,,,,,,,,,,,,,,,,,,,,,,,,,,,,
,,,,,,,,,,,,,,,,,,,,,,,,,,,,,,,,,,,
,,,,,,,,,,,,,,,,,,,,,,,,,,,,,,,,,,,
,,,,,,,,,,,,,,,,,,,,,,,,,,,,,,,,,,,
,,,,,,,,,,,,,,,,,,,,,,,,,,,,,,,,,,,
,,,,,,,,,,,,,,,,,,,,,,,,,,,,,,,,,,,
,,,,,,,,,,,,,,,,,,,,,,,,,,,,,,,,,,,
,,,,,,,,,,,,,,,,,,,,,,,,,,,,,,,,,,,
,,,,,,,,,,,,,,,,,,,,,,,,,,,,,,,,,,,
,,,,,,,,,,,,,,,,,,,,,,,,,,,,,,,,,,,
,,,,,,,,,,,,,,,,,,,,,,,,,,,,,,,,,,,
,,,,,,,,,,,,,,,,,,,,,,,,,,,,,,,,,,,
,,,,,,,,,,,,,,,,,,,,,,,,,,,,,,,,,,,
,,,,,,,,,,,,,,,,,,,,,,,,,,,,,,,,,,,
,,,,,,,,,,,,,,,,,,,,,,,,,,,,,,,,,,,
,,,,,,,,,,,,,,,,,,,,,,,,,,,,,,,,,,,
,,,,,,,,,,,,,,,,,,,,,,,,,,,,,,,,,,,
,,,,,,,,,,,,,,,,,,,,,,,,,,,,,,,,,,,
,,,,,,,,,,,,,,,,,,,,,,,,,,,,,,,,,,,
,,,,,,,,,,,,,,,,,,,,,,,,,,,,,,,,,,,
,,,,,,,,,,,,,,,,,,,,,,,,,,,,,,,,,,,
,,,,,,,,,,,,,,,,,,,,,,,,,,,,,,,,,,,
,,,,,,,,,,,,,,,,,,,,,,,,,,,,,,,,,,,
,,,,,,,,,,,,,,,,,,,,,,,,,,,,,,,,,,,
,,,,,,,,,,,,,,,,,,,,,,,,,,,,,,,,,,,
,,,,,,,,,,,,,,,,,,,,,,,,,,,,,,,,,,,
,,,,,,,,,,,,,,,,,,,,,,,,,,,,,,,,,,,
,,,,,,,,,,,,,,,,,,,,,,,,,,,,,,,,,,,
,,,,,,,,,,,,,,,,,,,,,,,,,,,,,,,,,,,
,,,,,,,,,,,,,,,,,,,,,,,,,,,,,,,,,,,
,,,,,,,,,,,,,,,,,,,,,,,,,,,,,,,,,,,
,,,,,,,,,,,,,,,,,,,,,,,,,,,,,,,,,,,
,,,,,,,,,,,,,,,,,,,,,,,,,,,,,,,,,,,
,,,,,,,,,,,,,,,,,,,,,,,,,,,,,,,,,,,
,,,,,,,,,,,,,,,,,,,,,,,,,,,,,,,,,,,
,,,,,,,,,,,,,,,,,,,,,,,,,,,,,,,,,,,
,,,,,,,,,,,,,,,,,,,,,,,,,,,,,,,,,,,
,,,,,,,,,,,,,,,,,,,,,,,,,,,,,,,,,,,
,,,,,,,,,,,,,,,,,,,,,,,,,,,,,,,,,,,
,,,,,,,,,,,,,,,,,,,,,,,,,,,,,,,,,,,
,,,,,,,,,,,,,,,,,,,,,,,,,,,,,,,,,,,
,,,,,,,,,,,,,,,,,,,,,,,,,,,,,,,,,,,
,,,,,,,,,,,,,,,,,,,,,,,,,,,,,,,,,,,
,,,,,,,,,,,,,,,,,,,,,,,,,,,,,,,,,,,
,,,,,,,,,,,,,,,,,,,,,,,,,,,,,,,,,,,
,,,,,,,,,,,,,,,,,,,,,,,,,,,,,,,,,,,
,,,,,,,,,,,,,,,,,,,,,,,,,,,,,,,,,,,
,,,,,,,,,,,,,,,,,,,,,,,,,,,,,,,,,,,
,,,,,,,,,,,,,,,,,,,,,,,,,,,,,,,,,,,
,,,,,,,,,,,,,,,,,,,,,,,,,,,,,,,,,,,
,,,,,,,,,,,,,,,,,,,,,,,,,,,,,,,,,,,
,,,,,,,,,,,,,,,,,,,,,,,,,,,,,,,,,,,
,,,,,,,,,,,,,,,,,,,,,,,,,,,,,,,,,,,
,,,,,,,,,,,,,,,,,,,,,,,,,,,,,,,,,,,
,,,,,,,,,,,,,,,,,,,,,,,,,,,,,,,,,,,
,,,,,,,,,,,,,,,,,,,,,,,,,,,,,,,,,,,
,,,,,,,,,,,,,,,,,,,,,,,,,,,,,,,,,,,
,,,,,,,,,,,,,,,,,,,,,,,,,,,,,,,,,,,
,,,,,,,,,,,,,,,,,,,,,,,,,,,,,,,,,,,
,,,,,,,,,,,,,,,,,,,,,,,,,,,,,,,,,,,
,,,,,,,,,,,,,,,,,,,,,,,,,,,,,,,,,,,
,,,,,,,,,,,,,,,,,,,,,,,,,,,,,,,,,,,
,,,,,,,,,,,,,,,,,,,,,,,,,,,,,,,,,,,
,,,,,,,,,,,,,,,,,,,,,,,,,,,,,,,,,,,
,,,,,,,,,,,,,,,,,,,,,,,,,,,,,,,,,,,
,,,,,,,,,,,,,,,,,,,,,,,,,,,,,,,,,,,
,,,,,,,,,,,,,,,,,,,,,,,,,,,,,,,,,,,
,,,,,,,,,,,,,,,,,,,,,,,,,,,,,,,,,,,
,,,,,,,,,,,,,,,,,,,,,,,,,,,,,,,,,,,
,,,,,,,,,,,,,,,,,,,,,,,,,,,,,,,,,,,
,,,,,,,,,,,,,,,,,,,,,,,,,,,,,,,,,,,
,,,,,,,,,,,,,,,,,,,,,,,,,,,,,,,,,,,
,,,,,,,,,,,,,,,,,,,,,,,,,,,,,,,,,,,
,,,,,,,,,,,,,,,,,,,,,,,,,,,,,,,,,,,
,,,,,,,,,,,,,,,,,,,,,,,,,,,,,,,,,,,
,,,,,,,,,,,,,,,,,,,,,,,,,,,,,,,,,,,
,,,,,,,,,,,,,,,,,,,,,,,,,,,,,,,,,,,
,,,,,,,,,,,,,,,,,,,,,,,,,,,,,,,,,,,
,,,,,,,,,,,,,,,,,,,,,,,,,,,,,,,,,,,
,,,,,,,,,,,,,,,,,,,,,,,,,,,,,,,,,,,
,,,,,,,,,,,,,,,,,,,,,,,,,,,,,,,,,,,
,,,,,,,,,,,,,,,,,,,,,,,,,,,,,,,,,,,
,,,,,,,,,,,,,,,,,,,,,,,,,,,,,,,,,,,
,,,,,,,,,,,,,,,,,,,,,,,,,,,,,,,,,,,
,,,,,,,,,,,,,,,,,,,,,,,,,,,,,,,,,,,
,,,,,,,,,,,,,,,,,,,,,,,,,,,,,,,,,,,
,,,,,,,,,,,,,,,,,,,,,,,,,,,,,,,,,,,
,,,,,,,,,,,,,,,,,,,,,,,,,,,,,,,,,,,
,,,,,,,,,,,,,,,,,,,,,,,,,,,,,,,,,,,
,,,,,,,,,,,,,,,,,,,,,,,,,,,,,,,,,,,
,,,,,,,,,,,,,,,,,,,,,,,,,,,,,,,,,,,
,,,,,,,,,,,,,,,,,,,,,,,,,,,,,,,,,,,
,,,,,,,,,,,,,,,,,,,,,,,,,,,,,,,,,,,
,,,,,,,,,,,,,,,,,,,,,,,,,,,,,,,,,,,
,,,,,,,,,,,,,,,,,,,,,,,,,,,,,,,,,,,
,,,,,,,,,,,,,,,,,,,,,,,,,,,,,,,,,,,
,,,,,,,,,,,,,,,,,,,,,,,,,,,,,,,,,,,
,,,,,,,,,,,,,,,,,,,,,,,,,,,,,,,,,,,
,,,,,,,,,,,,,,,,,,,,,,,,,,,,,,,,,,,
,,,,,,,,,,,,,,,,,,,,,,,,,,,,,,,,,,,
,,,,,,,,,,,,,,,,,,,,,,,,,,,,,,,,,,,
,,,,,,,,,,,,,,,,,,,,,,,,,,,,,,,,,,,
,,,,,,,,,,,,,,,,,,,,,,,,,,,,,,,,,,,
,,,,,,,,,,,,,,,,,,,,,,,,,,,,,,,,,,,
,,,,,,,,,,,,,,,,,,,,,,,,,,,,,,,,,,,
,,,,,,,,,,,,,,,,,,,,,,,,,,,,,,,,,,,
,,,,,,,,,,,,,,,,,,,,,,,,,,,,,,,,,,,
,,,,,,,,,,,,,,,,,,,,,,,,,,,,,,,,,,,
,,,,,,,,,,,,,,,,,,,,,,,,,,,,,,,,,,,
,,,,,,,,,,,,,,,,,,,,,,,,,,,,,,,,,,,
,,,,,,,,,,,,,,,,,,,,,,,,,,,,,,,,,,,
,,,,,,,,,,,,,,,,,,,,,,,,,,,,,,,,,,,
,,,,,,,,,,,,,,,,,,,,,,,,,,,,,,,,,,,
,,,,,,,,,,,,,,,,,,,,,,,,,,,,,,,,,,,
,,,,,,,,,,,,,,,,,,,,,,,,,,,,,,,,,,,
,,,,,,,,,,,,,,,,,,,,,,,,,,,,,,,,,,,
,,,,,,,,,,,,,,,,,,,,,,,,,,,,,,,,,,,
,,,,,,,,,,,,,,,,,,,,,,,,,,,,,,,,,,,
,,,,,,,,,,,,,,,,,,,,,,,,,,,,,,,,,,,
,,,,,,,,,,,,,,,,,,,,,,,,,,,,,,,,,,,
,,,,,,,,,,,,,,,,,,,,,,,,,,,,,,,,,,,
,,,,,,,,,,,,,,,,,,,,,,,,,,,,,,,,,,,
,,,,,,,,,,,,,,,,,,,,,,,,,,,,,,,,,,,
,,,,,,,,,,,,,,,,,,,,,,,,,,,,,,,,,,,
,,,,,,,,,,,,,,,,,,,,,,,,,,,,,,,,,,,
,,,,,,,,,,,,,,,,,,,,,,,,,,,,,,,,,,,
,,,,,,,,,,,,,,,,,,,,,,,,,,,,,,,,,,,
,,,,,,,,,,,,,,,,,,,,,,,,,,,,,,,,,,,
,,,,,,,,,,,,,,,,,,,,,,,,,,,,,,,,,,,
,,,,,,,,,,,,,,,,,,,,,,,,,,,,,,,,,,,
,,,,,,,,,,,,,,,,,,,,,,,,,,,,,,,,,,,
,,,,,,,,,,,,,,,,,,,,,,,,,,,,,,,,,,,
,,,,,,,,,,,,,,,,,,,,,,,,,,,,,,,,,,,
,,,,,,,,,,,,,,,,,,,,,,,,,,,,,,,,,,,
,,,,,,,,,,,,,,,,,,,,,,,,,,,,,,,,,,,
,,,,,,,,,,,,,,,,,,,,,,,,,,,,,,,,,,,
,,,,,,,,,,,,,,,,,,,,,,,,,,,,,,,,,,,
,,,,,,,,,,,,,,,,,,,,,,,,,,,,,,,,,,,
,,,,,,,,,,,,,,,,,,,,,,,,,,,,,,,,,,,
,,,,,,,,,,,,,,,,,,,,,,,,,,,,,,,,,,,
,,,,,,,,,,,,,,,,,,,,,,,,,,,,,,,,,,,
,,,,,,,,,,,,,,,,,,,,,,,,,,,,,,,,,,,
,,,,,,,,,,,,,,,,,,,,,,,,,,,,,,,,,,,
,,,,,,,,,,,,,,,,,,,,,,,,,,,,,,,,,,,
,,,,,,,,,,,,,,,,,,,,,,,,,,,,,,,,,,,
,,,,,,,,,,,,,,,,,,,,,,,,,,,,,,,,,,,
,,,,,,,,,,,,,,,,,,,,,,,,,,,,,,,,,,,
,,,,,,,,,,,,,,,,,,,,,,,,,,,,,,,,,,,
,,,,,,,,,,,,,,,,,,,,,,,,,,,,,,,,,,,
,,,,,,,,,,,,,,,,,,,,,,,,,,,,,,,,,,,
,,,,,,,,,,,,,,,,,,,,,,,,,,,,,,,,,,,
,,,,,,,,,,,,,,,,,,,,,,,,,,,,,,,,,,,
,,,,,,,,,,,,,,,,,,,,,,,,,,,,,,,,,,,
,,,,,,,,,,,,,,,,,,,,,,,,,,,,,,,,,,,
,,,,,,,,,,,,,,,,,,,,,,,,,,,,,,,,,,,
,,,,,,,,,,,,,,,,,,,,,,,,,,,,,,,,,,,
,,,,,,,,,,,,,,,,,,,,,,,,,,,,,,,,,,,
,,,,,,,,,,,,,,,,,,,,,,,,,,,,,,,,,,,
,,,,,,,,,,,,,,,,,,,,,,,,,,,,,,,,,,,
,,,,,,,,,,,,,,,,,,,,,,,,,,,,,,,,,,,
,,,,,,,,,,,,,,,,,,,,,,,,,,,,,,,,,,,
,,,,,,,,,,,,,,,,,,,,,,,,,,,,,,,,,,,
,,,,,,,,,,,,,,,,,,,,,,,,,,,,,,,,,,,
,,,,,,,,,,,,,,,,,,,,,,,,,,,,,,,,,,,
,,,,,,,,,,,,,,,,,,,,,,,,,,,,,,,,,,,
,,,,,,,,,,,,,,,,,,,,,,,,,,,,,,,,,,,
,,,,,,,,,,,,,,,,,,,,,,,,,,,,,,,,,,,
,,,,,,,,,,,,,,,,,,,,,,,,,,,,,,,,,,,
,,,,,,,,,,,,,,,,,,,,,,,,,,,,,,,,,,,
,,,,,,,,,,,,,,,,,,,,,,,,,,,,,,,,,,,
,,,,,,,,,,,,,,,,,,,,,,,,,,,,,,,,,,,
,,,,,,,,,,,,,,,,,,,,,,,,,,,,,,,,,,,
,,,,,,,,,,,,,,,,,,,,,,,,,,,,,,,,,,,
,,,,,,,,,,,,,,,,,,,,,,,,,,,,,,,,,,,
,,,,,,,,,,,,,,,,,,,,,,,,,,,,,,,,,,,
,,,,,,,,,,,,,,,,,,,,,,,,,,,,,,,,,,,
,,,,,,,,,,,,,,,,,,,,,,,,,,,,,,,,,,,
,,,,,,,,,,,,,,,,,,,,,,,,,,,,,,,,,,,
,,,,,,,,,,,,,,,,,,,,,,,,,,,,,,,,,,,
,,,,,,,,,,,,,,,,,,,,,,,,,,,,,,,,,,,
,,,,,,,,,,,,,,,,,,,,,,,,,,,,,,,,,,,
,,,,,,,,,,,,,,,,,,,,,,,,,,,,,,,,,,,
,,,,,,,,,,,,,,,,,,,,,,,,,,,,,,,,,,,
,,,,,,,,,,,,,,,,,,,,,,,,,,,,,,,,,,,
,,,,,,,,,,,,,,,,,,,,,,,,,,,,,,,,,,,
,,,,,,,,,,,,,,,,,,,,,,,,,,,,,,,,,,,
,,,,,,,,,,,,,,,,,,,,,,,,,,,,,,,,,,,
,,,,,,,,,,,,,,,,,,,,,,,,,,,,,,,,,,,
,,,,,,,,,,,,,,,,,,,,,,,,,,,,,,,,,,,
,,,,,,,,,,,,,,,,,,,,,,,,,,,,,,,,,,,
,,,,,,,,,,,,,,,,,,,,,,,,,,,,,,,,,,,
,,,,,,,,,,,,,,,,,,,,,,,,,,,,,,,,,,,
,,,,,,,,,,,,,,,,,,,,,,,,,,,,,,,,,,,
,,,,,,,,,,,,,,,,,,,,,,,,,,,,,,,,,,,
,,,,,,,,,,,,,,,,,,,,,,,,,,,,,,,,,,,
,,,,,,,,,,,,,,,,,,,,,,,,,,,,,,,,,,,
,,,,,,,,,,,,,,,,,,,,,,,,,,,,,,,,,,,
,,,,,,,,,,,,,,,,,,,,,,,,,,,,,,,,,,,
,,,,,,,,,,,,,,,,,,,,,,,,,,,,,,,,,,,
,,,,,,,,,,,,,,,,,,,,,,,,,,,,,,,,,,,
,,,,,,,,,,,,,,,,,,,,,,,,,,,,,,,,,,,
,,,,,,,,,,,,,,,,,,,,,,,,,,,,,,,,,,,
,,,,,,,,,,,,,,,,,,,,,,,,,,,,,,,,,,,
,,,,,,,,,,,,,,,,,,,,,,,,,,,,,,,,,,,
,,,,,,,,,,,,,,,,,,,,,,,,,,,,,,,,,,,
,,,,,,,,,,,,,,,,,,,,,,,,,,,,,,,,,,,
,,,,,,,,,,,,,,,,,,,,,,,,,,,,,,,,,,,
,,,,,,,,,,,,,,,,,,,,,,,,,,,,,,,,,,,
,,,,,,,,,,,,,,,,,,,,,,,,,,,,,,,,,,,
,,,,,,,,,,,,,,,,,,,,,,,,,,,,,,,,,,,
,,,,,,,,,,,,,,,,,,,,,,,,,,,,,,,,,,,
,,,,,,,,,,,,,,,,,,,,,,,,,,,,,,,,,,,
,,,,,,,,,,,,,,,,,,,,,,,,,,,,,,,,,,,
,,,,,,,,,,,,,,,,,,,,,,,,,,,,,,,,,,,
,,,,,,,,,,,,,,,,,,,,,,,,,,,,,,,,,,,
,,,,,,,,,,,,,,,,,,,,,,,,,,,,,,,,,,,
,,,,,,,,,,,,,,,,,,,,,,,,,,,,,,,,,,,
,,,,,,,,,,,,,,,,,,,,,,,,,,,,,,,,,,,
,,,,,,,,,,,,,,,,,,,,,,,,,,,,,,,,,,,
,,,,,,,,,,,,,,,,,,,,,,,,,,,,,,,,,,,
,,,,,,,,,,,,,,,,,,,,,,,,,,,,,,,,,,,
,,,,,,,,,,,,,,,,,,,,,,,,,,,,,,,,,,,
,,,,,,,,,,,,,,,,,,,,,,,,,,,,,,,,,,,
,,,,,,,,,,,,,,,,,,,,,,,,,,,,,,,,,,,
,,,,,,,,,,,,,,,,,,,,,,,,,,,,,,,,,,,
,,,,,,,,,,,,,,,,,,,,,,,,,,,,,,,,,,,
,,,,,,,,,,,,,,,,,,,,,,,,,,,,,,,,,,,
,,,,,,,,,,,,,,,,,,,,,,,,,,,,,,,,,,,
,,,,,,,,,,,,,,,,,,,,,,,,,,,,,,,,,,,
,,,,,,,,,,,,,,,,,,,,,,,,,,,,,,,,,,,
,,,,,,,,,,,,,,,,,,,,,,,,,,,,,,,,,,,
,,,,,,,,,,,,,,,,,,,,,,,,,,,,,,,,,,,
,,,,,,,,,,,,,,,,,,,,,,,,,,,,,,,,,,,
,,,,,,,,,,,,,,,,,,,,,,,,,,,,,,,,,,,
,,,,,,,,,,,,,,,,,,,,,,,,,,,,,,,,,,,
,,,,,,,,,,,,,,,,,,,,,,,,,,,,,,,,,,,
,,,,,,,,,,,,,,,,,,,,,,,,,,,,,,,,,,,
,,,,,,,,,,,,,,,,,,,,,,,,,,,,,,,,,,,
,,,,,,,,,,,,,,,,,,,,,,,,,,,,,,,,,,,
,,,,,,,,,,,,,,,,,,,,,,,,,,,,,,,,,,,
,,,,,,,,,,,,,,,,,,,,,,,,,,,,,,,,,,,
,,,,,,,,,,,,,,,,,,,,,,,,,,,,,,,,,,,
,,,,,,,,,,,,,,,,,,,,,,,,,,,,,,,,,,,
,,,,,,,,,,,,,,,,,,,,,,,,,,,,,,,,,,,
,,,,,,,,,,,,,,,,,,,,,,,,,,,,,,,,,,,
,,,,,,,,,,,,,,,,,,,,,,,,,,,,,,,,,,,
,,,,,,,,,,,,,,,,,,,,,,,,,,,,,,,,,,,
,,,,,,,,,,,,,,,,,,,,,,,,,,,,,,,,,,,
,,,,,,,,,,,,,,,,,,,,,,,,,,,,,,,,,,,
,,,,,,,,,,,,,,,,,,,,,,,,,,,,,,,,,,,
,,,,,,,,,,,,,,,,,,,,,,,,,,,,,,,,,,,
,,,,,,,,,,,,,,,,,,,,,,,,,,,,,,,,,,,
,,,,,,,,,,,,,,,,,,,,,,,,,,,,,,,,,,,
,,,,,,,,,,,,,,,,,,,,,,,,,,,,,,,,,,,
,,,,,,,,,,,,,,,,,,,,,,,,,,,,,,,,,,,
,,,,,,,,,,,,,,,,,,,,,,,,,,,,,,,,,,,
,,,,,,,,,,,,,,,,,,,,,,,,,,,,,,,,,,,
,,,,,,,,,,,,,,,,,,,,,,,,,,,,,,,,,,,
,,,,,,,,,,,,,,,,,,,,,,,,,,,,,,,,,,,
,,,,,,,,,,,,,,,,,,,,,,,,,,,,,,,,,,,
,,,,,,,,,,,,,,,,,,,,,,,,,,,,,,,,,,,
,,,,,,,,,,,,,,,,,,,,,,,,,,,,,,,,,,,
,,,,,,,,,,,,,,,,,,,,,,,,,,,,,,,,,,,
,,,,,,,,,,,,,,,,,,,,,,,,,,,,,,,,,,,
,,,,,,,,,,,,,,,,,,,,,,,,,,,,,,,,,,,
,,,,,,,,,,,,,,,,,,,,,,,,,,,,,,,,,,,
,,,,,,,,,,,,,,,,,,,,,,,,,,,,,,,,,,,
,,,,,,,,,,,,,,,,,,,,,,,,,,,,,,,,,,,
,,,,,,,,,,,,,,,,,,,,,,,,,,,,,,,,,,,
,,,,,,,,,,,,,,,,,,,,,,,,,,,,,,,,,,,
,,,,,,,,,,,,,,,,,,,,,,,,,,,,,,,,,,,
,,,,,,,,,,,,,,,,,,,,,,,,,,,,,,,,,,,
,,,,,,,,,,,,,,,,,,,,,,,,,,,,,,,,,,,
,,,,,,,,,,,,,,,,,,,,,,,,,,,,,,,,,,,
,,,,,,,,,,,,,,,,,,,,,,,,,,,,,,,,,,,
,,,,,,,,,,,,,,,,,,,,,,,,,,,,,,,,,,,
,,,,,,,,,,,,,,,,,,,,,,,,,,,,,,,,,,,
,,,,,,,,,,,,,,,,,,,,,,,,,,,,,,,,,,,
,,,,,,,,,,,,,,,,,,,,,,,,,,,,,,,,,,,
,,,,,,,,,,,,,,,,,,,,,,,,,,,,,,,,,,,
,,,,,,,,,,,,,,,,,,,,,,,,,,,,,,,,,,,
,,,,,,,,,,,,,,,,,,,,,,,,,,,,,,,,,,,
,,,,,,,,,,,,,,,,,,,,,,,,,,,,,,,,,,,
,,,,,,,,,,,,,,,,,,,,,,,,,,,,,,,,,,,
,,,,,,,,,,,,,,,,,,,,,,,,,,,,,,,,,,,
,,,,,,,,,,,,,,,,,,,,,,,,,,,,,,,,,,,
,,,,,,,,,,,,,,,,,,,,,,,,,,,,,,,,,,,
,,,,,,,,,,,,,,,,,,,,,,,,,,,,,,,,,,,
,,,,,,,,,,,,,,,,,,,,,,,,,,,,,,,,,,,
,,,,,,,,,,,,,,,,,,,,,,,,,,,,,,,,,,,
,,,,,,,,,,,,,,,,,,,,,,,,,,,,,,,,,,,
,,,,,,,,,,,,,,,,,,,,,,,,,,,,,,,,,,,
,,,,,,,,,,,,,,,,,,,,,,,,,,,,,,,,,,,
,,,,,,,,,,,,,,,,,,,,,,,,,,,,,,,,,,,
,,,,,,,,,,,,,,,,,,,,,,,,,,,,,,,,,,,
,,,,,,,,,,,,,,,,,,,,,,,,,,,,,,,,,,,
,,,,,,,,,,,,,,,,,,,,,,,,,,,,,,,,,,,
,,,,,,,,,,,,,,,,,,,,,,,,,,,,,,,,,,,
,,,,,,,,,,,,,,,,,,,,,,,,,,,,,,,,,,,
,,,,,,,,,,,,,,,,,,,,,,,,,,,,,,,,,,,
,,,,,,,,,,,,,,,,,,,,,,,,,,,,,,,,,,,
,,,,,,,,,,,,,,,,,,,,,,,,,,,,,,,,,,,
,,,,,,,,,,,,,,,,,,,,,,,,,,,,,,,,,,,
,,,,,,,,,,,,,,,,,,,,,,,,,,,,,,,,,,,
,,,,,,,,,,,,,,,,,,,,,,,,,,,,,,,,,,,
,,,,,,,,,,,,,,,,,,,,,,,,,,,,,,,,,,,
,,,,,,,,,,,,,,,,,,,,,,,,,,,,,,,,,,,
,,,,,,,,,,,,,,,,,,,,,,,,,,,,,,,,,,,
,,,,,,,,,,,,,,,,,,,,,,,,,,,,,,,,,,,
,,,,,,,,,,,,,,,,,,,,,,,,,,,,,,,,,,,
,,,,,,,,,,,,,,,,,,,,,,,,,,,,,,,,,,,
,,,,,,,,,,,,,,,,,,,,,,,,,,,,,,,,,,,
,,,,,,,,,,,,,,,,,,,,,,,,,,,,,,,,,,,
,,,,,,,,,,,,,,,,,,,,,,,,,,,,,,,,,,,
,,,,,,,,,,,,,,,,,,,,,,,,,,,,,,,,,,,
,,,,,,,,,,,,,,,,,,,,,,,,,,,,,,,,,,,
,,,,,,,,,,,,,,,,,,,,,,,,,,,,,,,,,,,
,,,,,,,,,,,,,,,,,,,,,,,,,,,,,,,,,,,
,,,,,,,,,,,,,,,,,,,,,,,,,,,,,,,,,,,
,,,,,,,,,,,,,,,,,,,,,,,,,,,,,,,,,,,
,,,,,,,,,,,,,,,,,,,,,,,,,,,,,,,,,,,
,,,,,,,,,,,,,,,,,,,,,,,,,,,,,,,,,,,
,,,,,,,,,,,,,,,,,,,,,,,,,,,,,,,,,,,
,,,,,,,,,,,,,,,,,,,,,,,,,,,,,,,,,,,
,,,,,,,,,,,,,,,,,,,,,,,,,,,,,,,,,,,
,,,,,,,,,,,,,,,,,,,,,,,,,,,,,,,,,,,
,,,,,,,,,,,,,,,,,,,,,,,,,,,,,,,,,,,
,,,,,,,,,,,,,,,,,,,,,,,,,,,,,,,,,,,
,,,,,,,,,,,,,,,,,,,,,,,,,,,,,,,,,,,
,,,,,,,,,,,,,,,,,,,,,,,,,,,,,,,,,,,
,,,,,,,,,,,,,,,,,,,,,,,,,,,,,,,,,,,
,,,,,,,,,,,,,,,,,,,,,,,,,,,,,,,,,,,
,,,,,,,,,,,,,,,,,,,,,,,,,,,,,,,,,,,
,,,,,,,,,,,,,,,,,,,,,,,,,,,,,,,,,,,
,,,,,,,,,,,,,,,,,,,,,,,,,,,,,,,,,,,
,,,,,,,,,,,,,,,,,,,,,,,,,,,,,,,,,,,
,,,,,,,,,,,,,,,,,,,,,,,,,,,,,,,,,,,
,,,,,,,,,,,,,,,,,,,,,,,,,,,,,,,,,,,
,,,,,,,,,,,,,,,,,,,,,,,,,,,,,,,,,,,
,,,,,,,,,,,,,,,,,,,,,,,,,,,,,,,,,,,
,,,,,,,,,,,,,,,,,,,,,,,,,,,,,,,,,,,
,,,,,,,,,,,,,,,,,,,,,,,,,,,,,,,,,,,
,,,,,,,,,,,,,,,,,,,,,,,,,,,,,,,,,,,
,,,,,,,,,,,,,,,,,,,,,,,,,,,,,,,,,,,
,,,,,,,,,,,,,,,,,,,,,,,,,,,,,,,,,,,
,,,,,,,,,,,,,,,,,,,,,,,,,,,,,,,,,,,
,,,,,,,,,,,,,,,,,,,,,,,,,,,,,,,,,,,
,,,,,,,,,,,,,,,,,,,,,,,,,,,,,,,,,,,
,,,,,,,,,,,,,,,,,,,,,,,,,,,,,,,,,,,
,,,,,,,,,,,,,,,,,,,,,,,,,,,,,,,,,,,
,,,,,,,,,,,,,,,,,,,,,,,,,,,,,,,,,,,
,,,,,,,,,,,,,,,,,,,,,,,,,,,,,,,,,,,
,,,,,,,,,,,,,,,,,,,,,,,,,,,,,,,,,,,
,,,,,,,,,,,,,,,,,,,,,,,,,,,,,,,,,,,
,,,,,,,,,,,,,,,,,,,,,,,,,,,,,,,,,,,
,,,,,,,,,,,,,,,,,,,,,,,,,,,,,,,,,,,
,,,,,,,,,,,,,,,,,,,,,,,,,,,,,,,,,,,
,,,,,,,,,,,,,,,,,,,,,,,,,,,,,,,,,,,
,,,,,,,,,,,,,,,,,,,,,,,,,,,,,,,,,,,
,,,,,,,,,,,,,,,,,,,,,,,,,,,,,,,,,,,
,,,,,,,,,,,,,,,,,,,,,,,,,,,,,,,,,,,
,,,,,,,,,,,,,,,,,,,,,,,,,,,,,,,,,,,
,,,,,,,,,,,,,,,,,,,,,,,,,,,,,,,,,,,
,,,,,,,,,,,,,,,,,,,,,,,,,,,,,,,,,,,
,,,,,,,,,,,,,,,,,,,,,,,,,,,,,,,,,,,
,,,,,,,,,,,,,,,,,,,,,,,,,,,,,,,,,,,
,,,,,,,,,,,,,,,,,,,,,,,,,,,,,,,,,,,
,,,,,,,,,,,,,,,,,,,,,,,,,,,,,,,,,,,
,,,,,,,,,,,,,,,,,,,,,,,,,,,,,,,,,,,
,,,,,,,,,,,,,,,,,,,,,,,,,,,,,,,,,,,
,,,,,,,,,,,,,,,,,,,,,,,,,,,,,,,,,,,
,,,,,,,,,,,,,,,,,,,,,,,,,,,,,,,,,,,
,,,,,,,,,,,,,,,,,,,,,,,,,,,,,,,,,,,
,,,,,,,,,,,,,,,,,,,,,,,,,,,,,,,,,,,
,,,,,,,,,,,,,,,,,,,,,,,,,,,,,,,,,,,
,,,,,,,,,,,,,,,,,,,,,,,,,,,,,,,,,,,
,,,,,,,,,,,,,,,,,,,,,,,,,,,,,,,,,,,
,,,,,,,,,,,,,,,,,,,,,,,,,,,,,,,,,,,
,,,,,,,,,,,,,,,,,,,,,,,,,,,,,,,,,,,
,,,,,,,,,,,,,,,,,,,,,,,,,,,,,,,,,,,
,,,,,,,,,,,,,,,,,,,,,,,,,,,,,,,,,,,
,,,,,,,,,,,,,,,,,,,,,,,,,,,,,,,,,,,
,,,,,,,,,,,,,,,,,,,,,,,,,,,,,,,,,,,
,,,,,,,,,,,,,,,,,,,,,,,,,,,,,,,,,,,
,,,,,,,,,,,,,,,,,,,,,,,,,,,,,,,,,,,
,,,,,,,,,,,,,,,,,,,,,,,,,,,,,,,,,,,
,,,,,,,,,,,,,,,,,,,,,,,,,,,,,,,,,,,
,,,,,,,,,,,,,,,,,,,,,,,,,,,,,,,,,,,
,,,,,,,,,,,,,,,,,,,,,,,,,,,,,,,,,,,
,,,,,,,,,,,,,,,,,,,,,,,,,,,,,,,,,,,
